id,sector,barrio,tarifa_base,recargo_distancia,tarifa_total,tiempo_estimado,distancia_aprox_km
1,SECTOR MINIMA,CEIBA,6000,0,6000,15-25 min,2.0
2,SECTOR MINIMA,CEDRITOS,6000,0,6000,15-25 min,2.0
3,SECTOR MINIMA,BOSQUE BAJO,6000,0,6000,15-25 min,2.0
4,SECTOR MINIMA,SAUCES,6000,0,6000,15-25 min,2.0
5,SECTOR MINIMA,ROSALES,6000,0,6000,15-25 min,2.0
6,SECTOR MINIMA,CONJUNTO LLANO GRANDE,6000,0,6000,15-25 min,2.0
7,SECTOR MINIMA,COJUNTO SANTA LUCIA,6000,0,6000,15-25 min,2.0
8,SECTOR MINIMA,COJUNTO BARCELONA,6000,0,6000,15-25 min,2.0
9,SECTOR MINIMA,CONDOMINIO ROSALES,7000,0,7000,20-30 min,3.2
10,SECTOR MINIMA,POPULAR,7000,0,7000,20-30 min,3.2
11,SECTOR MINIMA,DOS MIL BAJO,7000,0,7000,20-30 min,3.2
12,SECTOR MINIMA,DOS MIL ALTO,7000,0,7000,20-30 min,3.2
13,SECTOR MINIMA,BAMBU,7000,0,7000,20-30 min,3.2
14,SECTOR MINIMA,SANTA HELENA,7000,0,7000,20-30 min,3.2
15,SECTOR MINIMA,JORDAN,7000,0,7000,20-30 min,3.2
16,SECTOR MINIMA,JORDAN PARAISO,7000,0,7000,20-30 min,3.2
17,SECTOR MINIMA,JORDAN ALTO,7000,0,7000,20-30 min,3.2
18,SECTOR MINIMA,SAN LUIS,7000,0,7000,20-30 min,3.2
19,SECTOR MINIMA,TRANSITO Y ACUEDUCTO,7000,0,7000,20-30 min,3.2
20,SECTOR MINIMA,MADRIGAL,7000,0,7000,20-30 min,3.2
21,SECTOR MINIMA,VILLA FABIOLA,7000,0,7000,20-30 min,3.2
22,SECTOR MINIMA,CAMINO REAL,7000,0,7000,20-30 min,3.2
23,SECTOR MINIMA,VILLA CRISTINA,7000,0,7000,20-30 min,3.2
24,SECTOR MINIMA,CASTILLA,7000,0,7000,20-30 min,3.2
25,SECTOR MINIMA,VAINILLA,7000,0,7000,20-30 min,3.2
26,SECTOR MINIMA,CARCEL,7000,0,7000,20-30 min,3.2
27,SECTOR MINIMA,RECREO,7000,0,7000,20-30 min,3.2
28,SECTOR MINIMA,SEIS DE ABRIL,7000,0,7000,20-30 min,3.2
29,SECTOR MINIMA,OLIMPICA,7000,0,7000,20-30 min,3.2
30,SECTOR GENERAL,MANANTIAL,7000,0,7000,20-30 min,3.2
31,SECTOR GENERAL,HIERBABUENA,7000,0,7000,20-30 min,3.2
32,SECTOR GENERAL,COFREN CATAMA,7000,0,7000,20-30 min,3.2
33,SECTOR GENERAL,PUESTO DE SALUD RECREO,7000,0,7000,20-30 min,3.2
34,SECTOR GENERAL,ALCALA,7000,0,7000,20-30 min,3.2
35,SECTOR GENERAL,FLORENCIA,7000,0,7000,20-30 min,3.2
36,SECTOR GENERAL,DESMONTADORA,7000,0,7000,20-30 min,3.2
37,CONJUNTOS SECTOR CERCA,"CONJUNTO CAMINO REAL (1,2,3,4)",7000,0,7000,20-30 min,3.2
38,CONJUNTOS SECTOR CERCA,"PARQUES DE SEVILLA (1,2,3,4,)",7000,0,7000,20-30 min,3.2
39,CONJUNTOS SECTOR CERCA,CONJUNTO TULIPANES,7000,0,7000,20-30 min,3.2
40,CONJUNTOS SECTOR CERCA,CONJUNTO GIRASOLES,7000,0,7000,20-30 min,3.2
41,CONJUNTOS SECTOR CERCA,CONJUNTO ALMERIA,7000,0,7000,20-30 min,3.2
42,CONJUNTOS SECTOR CERCA,CONDOMINIO CRISTALES,7000,0,7000,20-30 min,3.2
43,CONJUNTOS SECTOR CERCA,CONJUNTO PALAMA REAL,7000,0,7000,20-30 min,3.2
44,CONJUNTOS SECTOR CERCA,ALTOS DE LOMALINDA,7000,0,7000,20-30 min,3.2
45,CONJUNTOS SECTOR CERCA,COJUNTO VILLA CARINA,7000,0,7000,20-30 min,3.2
46,CONJUNTOS SECTOR CERCA,CONJUNTO PRADOS DE CASTILLA,7000,0,7000,20-30 min,3.2
47,CONJUNTOS SECTOR CERCA,EDIFICIO SANFERNANDO PLAZA,7000,0,7000,20-30 min,3.2
48,CONJUNTOS SECTOR CERCA,PRADOS DE HIERBABUENA,7000,0,7000,20-30 min,3.2
49,CONJUNTOS SECTOR CERCA,COJUNTO MALIBU,7000,0,7000,20-30 min,3.2
50,CONJUNTOS SECTOR CERCA,BALCONES DE PONTEVEDRA,7000,0,7000,20-30 min,3.2
51,SECTOR CERCA MEDIO,ESTERO,9000,0,9000,30-40 min,6.0
52,SECTOR CERCA MEDIO,MACUNAIMA,9000,0,9000,30-40 min,6.0
53,SECTOR CERCA MEDIO,PARQUE DE LA MEMORIA,9000,0,9000,30-40 min,6.0
54,SECTOR CERCA MEDIO,MACARENA,9000,0,9000,30-40 min,6.0
55,SECTOR CERCA MEDIO,NOGAL,9000,0,9000,30-40 min,6.0
56,SECTOR CERCA MEDIO,SAN CRISTOBAL,9000,0,9000,30-40 min,6.0
57,SECTOR CERCA MEDIO,CAMELIAS,9000,0,9000,30-40 min,6.0
58,SECTOR CERCA MEDIO,OLIMPICO BAJO,9000,0,9000,30-40 min,6.0
59,SECTOR CERCA MEDIO,VILLA ORTIX,9000,0,9000,30-40 min,6.0
60,SECTOR CERCA MEDIO,OLIMPICO,9000,0,9000,30-40 min,6.0
61,SECTOR CERCA MEDIO,VILLA JHOANA,9000,0,9000,30-40 min,6.0
62,SECTOR CERCA MEDIO,CATALUÑA,9000,0,9000,30-40 min,6.0
63,SECTOR CERCA MEDIO,VILLA NIEVES,9000,0,9000,30-40 min,6.0
64,SECTOR GENERAL,DANUVIO,9000,0,9000,30-40 min,6.0
65,SECTOR GENERAL,GAUDALAJARA,9000,0,9000,30-40 min,6.0
66,SECTOR GENERAL,MARACOS,9000,0,9000,30-40 min,6.0
67,SECTOR GENERAL,MI LLANURA,9000,0,9000,30-40 min,6.0
68,SECTOR GENERAL,BELLO HORISONTE,9000,0,9000,30-40 min,6.0
69,SECTOR GENERAL,SAN INGNACIO,9000,0,9000,30-40 min,6.0
70,SECTOR GENERAL,"CANTARRANA 1,2,3,4,",9000,0,9000,30-40 min,6.0
71,SECTOR GENERAL,PARQUE LA LLNURA,9000,0,9000,30-40 min,6.0
72,SECTOR GENERAL,PARQUE SICUANI,9000,0,9000,30-40 min,6.0
73,SECTOR GENERAL,SAUSALITO,9000,0,9000,30-40 min,6.0
74,SECTOR GENERAL,BOCHICA,9000,0,9000,30-40 min,6.0
75,SECTOR GENERAL,CANAIMA,9000,0,9000,30-40 min,6.0
76,SECTOR GENERAL,PORTAL DEL CANAIMA,9000,0,9000,30-40 min,6.0
77,SECTOR GENERAL,SAN NISIDRO,9000,0,9000,30-40 min,6.0
78,SECTOR GENERAL,SANTA INES,9000,0,9000,30-40 min,6.0
79,SECTOR GENERAL,HOTEL ROSADO,9000,0,9000,30-40 min,6.0
80,SECTOR GENERAL,VILLA DEL SOL,9000,0,9000,30-40 min,6.0
81,SECTOR GENERAL,LA MORGUE,9000,0,9000,30-40 min,6.0
82,SECTOR GENERAL,SAN MARCOS,9000,0,9000,30-40 min,6.0
83,SECTOR GENERAL,CONJONTO TOSCANA,9000,0,9000,30-40 min,6.0
84,SECTOR GENERAL,QUINTAS DE TOSCANA,9000,0,9000,30-40 min,6.0
85,SECTOR GENERAL,FLORIDA,9000,0,9000,30-40 min,6.0
86,SECTOR GENERAL,NUEVA FLORESTA,9000,0,9000,30-40 min,6.0
87,SECTOR GENERAL,TEUSACA,9000,0,9000,30-40 min,6.0
88,SECTOR GENERAL,EMBUDO,9000,0,9000,30-40 min,6.0
89,SECTOR GENERAL,SANBENITO,9000,0,9000,30-40 min,6.0
90,SECTOR GENERAL,NUEVO RICAUTE,9000,0,9000,30-40 min,6.0
91,SECTOR GENERAL,PORVENIR,9000,0,9000,30-40 min,6.0
92,SECTOR GENERAL,VIENTE JULIO,9000,0,9000,30-40 min,6.0
93,SECTOR GENERAL,SIMON BOLIVAR,9000,0,9000,30-40 min,6.0
94,SECTOR GENERAL,ANTONIO RICAUTE,9000,0,9000,30-40 min,6.0
95,SECTOR GENERAL,BARRIO NOGALES,9000,0,9000,30-40 min,6.0
96,SECTOR GENERAL,CANEY,9000,0,9000,30-40 min,6.0
97,SECTOR GENERAL,BRISAS DEL CANEY,9000,0,9000,30-40 min,6.0
98,SECTOR GENERAL,AMARAL,9000,0,9000,30-40 min,6.0
99,SECTOR GENERAL,CATATUMBO,9000,0,9000,30-40 min,6.0
100,SECTOR GENERAL,RETIRO,9000,0,9000,30-40 min,6.0
101,SECTOR GENERAL,BUENOS AIRES,9000,0,9000,30-40 min,6.0
102,SECTOR GENERAL,REMANSO,9000,0,9000,30-40 min,6.0
103,SECTOR GENERAL,VIZCAYA,9000,0,9000,30-40 min,6.0
104,SECTOR GENERAL,HOTEL HACARITAMA,9000,0,9000,30-40 min,6.0
105,SECTOR GENERAL,CANCHA RACING,9000,0,9000,30-40 min,6.0
106,SECTOR GENERAL,HACARITAMA,9000,0,9000,30-40 min,6.0
107,SECTOR GENERAL,BARRIO PRIMAVERA,9000,0,9000,30-40 min,6.0
108,SECTOR GENERAL,PARQUE PRIMAVERA,9000,0,9000,30-40 min,6.0
109,SECTOR GENERAL,CIUDADELA EL DIVINO NIÑO,9000,0,9000,30-40 min,6.0
110,SECTOR GENERAL,LAS FERIAS,9000,0,9000,30-40 min,6.0
111,SECTOR GENERAL,GAITAN,9000,0,9000,30-40 min,6.0
112,SECTOR GENERAL,SAN GREGORIO,9000,0,9000,30-40 min,6.0
113,SECTOR CEREO UNO,MAIZARO,9000,0,9000,30-40 min,6.0
114,CONJUNTOS Y CONDONINIOS SECTOR MEDIO,"CONDOMINIO DUARY 1,2",9000,0,9000,30-40 min,6.0
115,CONJUNTOS Y CONDONINIOS SECTOR MEDIO,CERRO CAMPESTRE ALTO,9000,0,9000,30-40 min,6.0
116,CONJUNTOS Y CONDONINIOS SECTOR MEDIO,CERRO CAMPESTRE BAJO,9000,0,9000,30-40 min,6.0
117,CONJUNTOS Y CONDONINIOS SECTOR MEDIO,CONDOMINIO BOSQUES DE VIZCAYA,9000,0,9000,30-40 min,6.0
118,CONJUNTOS Y CONDONINIOS SECTOR MEDIO,CONDOMINIO PORTAL DEL MOLINO,9000,0,9000,30-40 min,6.0
119,CONJUNTOS Y CONDONINIOS SECTOR MEDIO,RESERVAS DEL VIZCAYA,9000,0,9000,30-40 min,6.0
120,CONJUNTOS Y CONDONINIOS SECTOR MEDIO,"CONJUNTO LOS ALMENDROS 1,2",9000,0,9000,30-40 min,6.0
121,CONJUNTOS Y CONDONINIOS SECTOR MEDIO,CAMINOS DE SEVILLA,9000,0,9000,30-40 min,6.0
122,CONJUNTOS Y CONDONINIOS SECTOR MEDIO,LLANO HERMOSO,9000,0,9000,30-40 min,6.0
123,CONJUNTOS Y CONDONINIOS SECTOR MEDIO,"CONJUNTO BONNANZA 1,2",9000,0,9000,30-40 min,6.0
124,CONJUNTOS Y CONDONINIOS SECTOR MEDIO,RINCON DEL LLANO,9000,0,9000,30-40 min,6.0
125,CONJUNTOS Y CONDONINIOS SECTOR MEDIO,TORRES DEL MEDITERRENO,9000,0,9000,30-40 min,6.0
126,SECTOR TERMINAL,TERMINAL DE TRANSPORTE,10000,0,10000,30-40 min,6.0
127,SECTOR TERMINAL,"QUINTA DE MORELIA 1,2,3",10000,0,10000,30-40 min,6.0
128,SECTOR TERMINAL,CONDOMINIO VILLAVENTO,10000,0,10000,30-40 min,6.0
129,SECTOR TERMINAL,CONDOMINIO CIUDAD REAL,10000,0,10000,30-40 min,6.0
130,SECTOR TERMINAL,TORRES DE PRADERA,10000,0,10000,30-40 min,6.0
131,SECTOR TERMINAL,CONDOMINIO VILLA VALERIA,10000,0,10000,30-40 min,6.0
132,SECTOR GENERAL,CONDOMINIO CANAGUAY,10000,0,10000,30-40 min,6.0
133,SECTOR GENERAL,JARDINES DE SANTORINE,10000,0,10000,30-40 min,6.0
134,SECTOR GENERAL,LLANO REAL CLUB HOUSE,10000,0,10000,30-40 min,6.0
135,SECTOR GENERAL,PALMAS DE VALLARTA,10000,0,10000,30-40 min,6.0
136,SECTOR GENERAL,CONJUNTO TERRABELA,10000,0,10000,30-40 min,6.0
137,SECTOR GENERAL,BOSQUES DE MORELIA,10000,0,10000,30-40 min,6.0
138,SECTOR GENERAL,"NUEVA ESPERANZA 1,2",10000,0,10000,30-40 min,6.0
139,SECTOR GENERAL,CONDOMINIO SIENDA MANOY,10000,0,10000,30-40 min,6.0
140,SECTOR GENERAL,QUINTAS DE SANTA CLARA,10000,0,10000,30-40 min,6.0
141,SECTOR GENERAL,BARRIO VILLA DEL ALCARABAN,10000,0,10000,30-40 min,6.0
142,SECTOR GENERAL,URBANIZACION CALATRABA,10000,0,10000,30-40 min,6.0
143,SECTOR GENERAL,TERRA VERDE,10000,0,10000,30-40 min,6.0
144,SECTOR GENERAL,ALAMEDA DEL BOSQUE,10000,0,10000,30-40 min,6.0
145,SECTOR GENERAL,REMANSOS DEL LLANO,10000,0,10000,30-40 min,6.0
146,SECTOR GENERAL,SAN GERARDO,10000,0,10000,30-40 min,6.0
147,SECTOR GENERAL,TERRA VELA,10000,0,10000,30-40 min,6.0
148,SECTOR AMARILO,AMARILO MORICHAL,15000,0,15000,35-50 min,8.5
149,SECTOR AMARILO,AMARILO CIMARON,15000,0,15000,35-50 min,8.5
150,SECTOR AMARILO,AMARILO ALBORADA,15000,0,15000,35-50 min,8.5
151,SECTOR AMARILO,AMARILO PIEDEMONTE,15000,0,15000,35-50 min,8.5
152,SECTOR AMARILO,AMARILO ARAUCO,15000,0,15000,35-50 min,8.5
153,SECTOR AMARILO,AMARILO ZAINOS,15000,0,15000,35-50 min,8.5
154,SECTOR AMARILO,"AMARILO PASOLLONO 1,2,3,4",15000,0,15000,35-50 min,8.5
155,SECTOR AMARILO,AMARILO ALCARABN,15000,0,15000,35-50 min,8.5
156,SECTOR AMARILO,AMARILO MAPIRE,15000,0,15000,35-50 min,8.5
157,SECTOR AMARILO,AMARILO OCARROS,15000,0,15000,35-50 min,8.5
158,SECTOR AMARILO,AMARILO ARBOLEDA CAMPESTRE,15000,0,15000,35-50 min,8.5
159,SECTOR AMARILO,AMARILO PRADO VERDE,15000,0,15000,35-50 min,8.5
160,SECTOR AMARILO,AMARILO ARBOLEDA CAMPESTRE IV 4,15000,0,15000,35-50 min,8.5
161,SECTOR AMARILO,"AMARILO LLANO ALTO 1,2,3,4",15000,0,15000,35-50 min,8.5
162,SECTOR AMARILO,VILLA HERMOSA,13000,0,13000,35-50 min,8.5
163,SECTOR AMARILO,CONDOMINIO CAMPSTRE CARACOLI,16000,0,16000,35-50 min,8.5
164,SECTOR AMARILO,GIMNASIO LOS ALCAZARES,16000,0,16000,35-50 min,8.5
165,SECTOR AMARILO,LAS MERCEDES,17000,0,17000,35-50 min,8.5
166,SECTOR LOS CENTAUROS,"MULTIFAMILIARES CENTAUROS BLOQUE A,B,C,D",14000,0,14000,35-50 min,8.5
167,SECTOR LOS CENTAUROS,PORTALES DE GRATAMIRA,14000,0,14000,35-50 min,8.5
168,SECTOR LOS CENTAUROS,BALCONES DE GRATAMIRA,14000,0,14000,35-50 min,8.5
169,SECTOR GENERAL,"TORRES DE SALERMO 1,2",14000,0,14000,35-50 min,8.5
170,SECTOR GENERAL,CONDOMINIO SANTA ANA,14000,0,14000,35-50 min,8.5
171,SECTOR GENERAL,CONDOMINIO LA FONTANA,14000,0,14000,35-50 min,8.5
172,SECTOR GENERAL,CONDOMINIO SANTA PAULA,14000,0,14000,35-50 min,8.5
173,SECTOR GENERAL,PRADOS DE MARICURE,14000,0,14000,35-50 min,8.5
174,SECTOR GENERAL,UNIVERSIDAD UNIMINUTO,14000,0,14000,35-50 min,8.5
175,SECTOR GENERAL,CANCHA SINTETICA QUARZO,14000,0,14000,35-50 min,8.5
176,SECTOR GENERAL,RENAUULT CASATORO,14000,0,14000,35-50 min,8.5
177,SECTOR GENERAL,CHEVROLET,14000,0,14000,35-50 min,8.5
178,SECTOR GENERAL,NISSAN,14000,0,14000,35-50 min,8.5
179,SECTOR GENERAL,SUZUKI ALCALA MOTOR,14000,0,14000,35-50 min,8.5
180,SECTOR GENERAL,CANCHA MONACO,13000,0,13000,35-50 min,8.5
181,SECTOR GENERAL,BAR TERRAZA,13000,0,13000,35-50 min,8.5
182,SECTOR BARZAL,7 DE AGOSTO,10000,0,10000,30-40 min,6.0
183,SECTOR BARZAL,BARZAL BAJO,10000,0,10000,30-40 min,6.0
184,SECTOR BARZAL,BARZAL ALTO,11000,0,11000,35-50 min,8.5
185,SECTOR BARZAL,CLUB VILLAVICENCIO,11000,0,11000,35-50 min,8.5
186,SECTOR BARZAL,MESETAS,13000,0,13000,35-50 min,8.5
187,SECTOR BARZAL,ELECTRIFICADORA EMSA,11000,0,11000,35-50 min,8.5
188,SECTOR BARZAL,BALATA,10000,0,10000,30-40 min,6.0
189,SECTOR BARZAL,CAMOA,10000,0,10000,30-40 min,6.0
190,SECTOR BARZAL,SALLE,10000,0,10000,30-40 min,6.0
191,SECTOR BARZAL,POZO VEIENTE,13000,0,13000,35-50 min,8.5
192,SECTOR BARZAL,RECODO BARZAL,10000,0,10000,30-40 min,6.0
193,SECTOR BARZAL,AZOTEA,12000,0,12000,35-50 min,8.5
194,SECTOR SALUD BARZAL,HOSPITAL DEPARTAMENTAL,11000,0,11000,35-50 min,8.5
195,SECTOR SALUD BARZAL,HOSPITAL DE LA GENTE,11000,0,11000,35-50 min,8.5
196,SECTOR SALUD BARZAL,LIGA CONTRA EL CANCER,11000,0,11000,35-50 min,8.5
197,SECTOR SALUD BARZAL,SOMOS,11000,0,11000,35-50 min,8.5
198,SECTOR SALUD BARZAL,CLINICA PRIMAVERA,11000,0,11000,35-50 min,8.5
199,SECTOR SALUD BARZAL,CLINICA META,10000,0,10000,30-40 min,6.0
200,SECTOR SALUD BARZAL,NUEVA CLINICA BARZAL,10000,0,10000,30-40 min,6.0
201,SECTOR GENERAL,SERVIMEDICOS,10000,0,10000,30-40 min,6.0
202,SECTOR GENERAL,SANITAS,10000,0,10000,30-40 min,6.0
203,SECTOR GENERAL,CAJACOPI BARZAL,10000,0,10000,30-40 min,6.0
204,SECTOR GENERAL,CLINICA CARDIOVASCULAR,10000,0,10000,30-40 min,6.0
205,SECTOR GENERAL,SALUDA TOTAL,10000,0,10000,30-40 min,6.0
206,SECTOR GENERAL,CAPILLAS DE LA FE,10000,0,10000,30-40 min,6.0
207,SECTOR GENERAL,IPS MONTANO MEDICAL BUQUE,10000,0,10000,30-40 min,6.0
208,SECTOR GENERAL,IPS CUIDAR BUQUE,11000,0,11000,35-50 min,8.5
209,SECTOR GENERAL,IPS CENTRO MERDICO DE REHABULITACION,11000,0,11000,35-50 min,8.5
210,SECTOR GENERAL,IPS CENTRO TERAPEUTICO INTEGRAL,11000,0,11000,35-50 min,8.5
211,SECTOR GENERAL,LABORATORIO CLINICO,11000,0,11000,35-50 min,8.5
212,SECTOR GENERAL,UNIDAD AMBULATORIA DE ALTA COMPLEJI,10000,0,10000,30-40 min,6.0
213,SECTOR GENERAL,IPS MULTISALUD,9000,0,9000,30-40 min,6.0
214,SECTOR GENERAL,IPS PREVIS,9000,0,9000,30-40 min,6.0
215,SECTOR GENERAL,IPS REHABILITAR,9000,0,9000,30-40 min,6.0
216,SECTOR GENERAL,IPS SANTA BARBARA,9000,0,9000,30-40 min,6.0
217,SECTOR GENERAL,CLINICA OCULAR BUQUE,10000,0,10000,30-40 min,6.0
218,SECTOR GRAMA,EMPORIO,10000,0,10000,30-40 min,6.0
219,SECTOR GRAMA,TRIUNFO,10000,0,10000,30-40 min,6.0
220,SECTOR GRAMA,GALAN,11000,0,11000,35-50 min,8.5
221,SECTOR GRAMA,ALCACERES,12000,0,12000,35-50 min,8.5
222,SECTOR GRAMA,ESMERALDA,12000,0,12000,35-50 min,8.5
223,SECTOR GRAMA,GRAMA,12000,0,12000,35-50 min,8.5
224,SECTOR GRAMA,ESCUELA DE CARABINEROS,12000,0,12000,35-50 min,8.5
225,SECTOR GRAMA,DOCE DE OCTUBRE,12000,0,12000,35-50 min,8.5
226,SECTOR GRAMA,SANTA JOSEFA MILITAR,12000,0,12000,35-50 min,8.5
227,SECTOR GRAMA,SAN FELIPE,12000,0,12000,35-50 min,8.5
228,SECTOR GRAMA,PANORAMA,12000,0,12000,35-50 min,8.5
229,SECTOR GRAMA,VIRREY,12000,0,12000,35-50 min,8.5
230,SECTOR GRAMA,CAMPIÑA,13000,0,13000,35-50 min,8.5
231,SECTOR GRAMA,CHAPINERO BAJO,13000,0,13000,35-50 min,8.5
232,SECTOR GRAMA,CHAPINERO ALTO,13000,0,13000,35-50 min,8.5
233,SECTOR GRAMA,NUEVA GRANADA,13000,0,13000,35-50 min,8.5
234,SECTOR GRAMA,RONDINELA,13000,0,13000,35-50 min,8.5
235,SECTOR GENERAL,PRADERA,13000,0,13000,35-50 min,8.5
236,SECTOR GRAMA CONJUNTOS Y EDIFICIOS,CONDOMINIO PUERTA DEL SOL,12000,0,12000,35-50 min,8.5
237,SECTOR GRAMA CONJUNTOS Y EDIFICIOS,"CONJUNTO RESIDENCIAL CAMBULOS 1,2,3",12000,0,12000,35-50 min,8.5
238,SECTOR GRAMA CONJUNTOS Y EDIFICIOS,"COJUNTO RESIDENCIAL SAN ANGEL 1,2",12000,0,12000,35-50 min,8.5
239,SECTOR GRAMA CONJUNTOS Y EDIFICIOS,CONJUNTO PRADROS DE SAN FRANCISCO,12000,0,12000,35-50 min,8.5
240,SECTOR GRAMA CONJUNTOS Y EDIFICIOS,"SAN ANGEL 1,2",12000,0,12000,35-50 min,8.5
241,SECTOR GRAMA CONJUNTOS Y EDIFICIOS,"LOS CAMBULOS 1,2,3",12000,0,12000,35-50 min,8.5
242,SECTOR GRAMA CONJUNTOS Y EDIFICIOS,PANORAMA DEL CAMPO,12000,0,12000,35-50 min,8.5
243,SECTOR GRAMA CONJUNTOS Y EDIFICIOS,LA ARENERA,12000,0,12000,35-50 min,8.5
244,SECTOR CAUDAL,CAUDAL,11000,0,11000,35-50 min,8.5
245,SECTOR CAUDAL,CONJUNTO TRIANGULO,11000,0,11000,35-50 min,8.5
246,SECTOR CAUDAL,EDIFICIO MONTEBELLO,11000,0,11000,35-50 min,8.5
247,SECTOR CAUDAL,"TORRES DEL CAUDAL 1,2",11000,0,11000,35-50 min,8.5
248,SECTOR CAUDAL,TERRAZAS DEL LLANO,11000,0,11000,35-50 min,8.5
249,SECTOR CAUDAL,TORRRES CLUB,11000,0,11000,35-50 min,8.5
250,SECTOR CAUDAL,CLUB META,11000,0,11000,35-50 min,8.5
251,SECTOR CAUDAL,EDIFICIO PLAZA,11000,0,11000,35-50 min,8.5
252,SECTOR CAUDAL,ALAMEDA ORIENTAL CAUDAL,11000,0,11000,35-50 min,8.5
253,SECTOR CAUDAL,EDIFICIO COSTA BELLA CAUDAL ALTO,11000,0,11000,35-50 min,8.5
254,SECTOR CAUDAL,EDIDIFICIO AGORA,11000,0,11000,35-50 min,8.5
255,SECTOR CAUDAL,CONJUNTO ARAGUANEY CAUDAL,11000,0,11000,35-50 min,8.5
256,SECTOR CAUDAL,HOTEL DEL LLANO,11000,0,11000,35-50 min,8.5
257,SECTOR CAUDAL,EDIFICIO BELLO HORISONTE CAUDAL,11000,0,11000,35-50 min,8.5
258,SECTOR CAUDAL,CONJUNTO SARARE CAUDAL,11000,0,11000,35-50 min,8.5
259,SECTOR ESTE KIRPAS,VALLES DE ARAGON,15000,0,15000,35-50 min,8.5
260,SECTOR ESTE KIRPAS,GAVIOTAS,15000,0,15000,35-50 min,8.5
261,SECTOR ESTE KIRPAS,FIKUS,15000,0,15000,35-50 min,8.5
262,SECTOR ESTE KIRPAS,VILLAMELIA,15000,0,15000,35-50 min,8.5
263,SECTOR ESTE KIRPAS,ACAPULCO,15000,0,15000,35-50 min,8.5
264,SECTOR ESTE KIRPAS,KIRPAS,15000,0,15000,35-50 min,8.5
265,SECTOR ESTE KIRPAS,VILLA SAMPER,15000,0,15000,35-50 min,8.5
266,SECTOR ESTE KIRPAS,SABANA DE KIRPAS,15000,0,15000,35-50 min,8.5
267,SECTOR ESTE KIRPAS,CAROLINA KIRPAS,15000,0,15000,35-50 min,8.5
268,SECTOR ESTE KIRPAS,MIRADOR DEL LLANO 2,15000,0,15000,35-50 min,8.5
269,SECTOR ESTE KIRPAS,CAVIVIR,15000,0,15000,35-50 min,8.5
270,SECTOR ESTE KIRPAS,SOCIEGO KIRPAS,15000,0,15000,35-50 min,8.5
271,SECTOR ESTE KIRPAS,MALOCAS,15000,0,15000,35-50 min,8.5
272,SECTOR ESTE KIRPAS,METROPOLITANA KIRPAS,15000,0,15000,35-50 min,8.5
273,SECTOR GENERAL,VIVERO BIOAGRICOLA,15000,0,15000,35-50 min,8.5
274,SECTOR GENERAL,SANATONIO,15000,0,15000,35-50 min,8.5
275,SECTOR GENERAL,VILLA MARINA,15000,0,15000,35-50 min,8.5
276,SECTOR GENERAL,BRILLANTE,17000,0,17000,35-50 min,8.5
277,SECTOR REMANSOS DE ROSABLANCA,"LA ROSITA ETAPA 1,2,3,",12000,0,12000,35-50 min,8.5
278,SECTOR REMANSOS DE ROSABLANCA,DOÑA LUZ,12000,0,12000,35-50 min,8.5
279,SECTOR REMANSOS DE ROSABLANCA,PANCANDE,12000,0,12000,35-50 min,8.5
280,SECTOR REMANSOS DE ROSABLANCA,CHORILLANOS,12000,0,12000,35-50 min,8.5
281,SECTOR REMANSOS DE ROSABLANCA,REMANSOS DE ROSABLANCA,12000,0,12000,35-50 min,8.5
282,SECTOR REMANSOS DE ROSABLANCA,CONDOMINIO SAN SEBASTIAN,12000,0,12000,35-50 min,8.5
283,SECTOR REMANSOS DE ROSABLANCA,"CONDOMINIO SANTA MARIA 1,2",12000,0,12000,35-50 min,8.5
284,SECTOR REMANSOS DE ROSABLANCA,SEPTIMA BRIGADA DISTRITO MILITAR,12000,0,12000,35-50 min,8.5
285,SECTOR REMANSOS DE ROSABLANCA,CONJUNTO BULEVAR CODEM,12000,0,12000,35-50 min,8.5
286,SECTOR REMANSOS DE ROSABLANCA,BOSQUE DE ROSABLANCA,12000,0,12000,35-50 min,8.5
287,SECTOR REMANSOS DE ROSABLANCA,CONDOMINIO BOSQUES DE ARRAYANES,12000,0,12000,35-50 min,8.5
288,SECTOR REMANSOS DE ROSABLANCA,RESERVAS DEL BOSQUE,12000,0,12000,35-50 min,8.5
289,SECTOR REMANSOS DE ROSABLANCA,CONJUNTO VILLA EMAUS,12000,0,12000,35-50 min,8.5
290,SECTOR REMANSOS DE ROSABLANCA,"CASIBARE 1,2",12000,0,12000,35-50 min,8.5
291,SECTOR REMANSOS DE ROSABLANCA,CONJUNTO REMANSOS DEL BOSQUE,12000,0,12000,35-50 min,8.5
292,SECTOR REMANSOS DE ROSABLANCA,VILLAS DEL MEDITERRANEO,12000,0,12000,35-50 min,8.5
293,SECTOR REMANSOS DE ROSABLANCA,"SAN SILVESTRE 1,2,",12000,0,12000,35-50 min,8.5
294,SECTOR REMANSOS DE ROSABLANCA,AGUAS CLARAS,13000,0,13000,35-50 min,8.5
295,SECTOR ESPERANSA,"ESPERANZA ETAPA 6,7,8",10000,0,10000,30-40 min,6.0
296,SECTOR ESPERANSA,ESPERANZA ETAPA,10000,0,10000,30-40 min,6.0
297,SECTOR ESPERANSA,BIBLIOTECA GERMAN ARCINIEGAS,10000,0,10000,30-40 min,6.0
298,SECTOR ESPERANSA,PUESTO DE SALUD ESPERANZA,10000,0,10000,30-40 min,6.0
299,SECTOR ESPERANSA,ROSABLANCA HORIENTAL,10000,0,10000,30-40 min,6.0
300,SECTOR ESPERANSA,LA VEGA,10000,0,10000,30-40 min,6.0
301,SECTOR ESPERANSA,VILLA BOLIVAR,10000,0,10000,30-40 min,6.0
302,SECTOR ESPERANSA,PARQUE VILLA BOLIVAR,10000,0,10000,30-40 min,6.0
303,SECTOR ESPERANSA,VILLA CLAUDIA,10000,0,10000,30-40 min,6.0
304,SECTOR ESPERANSA,URBANIZACION GUATIQUIA,10000,0,10000,30-40 min,6.0
305,SECTOR ESPERANSA,GARCIA BORQUES,10000,0,10000,30-40 min,6.0
306,SECTOR GENERAL,LA SIJIN,10000,0,10000,30-40 min,6.0
307,SECTOR GENERAL,COLEGIO GIMNASIO CAMPESTRE,10000,0,10000,30-40 min,6.0
308,SECTOR GENERAL,ACACIAS,10000,0,10000,30-40 min,6.0
309,SECTOR GENERAL,CONDOMINIO GALICIA,10000,0,10000,30-40 min,6.0
310,SECTOR GENERAL,CONJUNTO PLENAVIDA,10000,0,10000,30-40 min,6.0
311,SECTOR GENERAL,CONJUNTO 2001 ESPERANZA,10000,0,10000,30-40 min,6.0
312,SECTOR GENERAL,MULTIFAMILIARES LA ESPERENZA,10000,0,10000,30-40 min,6.0
313,SECTOR GENERAL,EDIFICIO NOGALES,10000,0,10000,30-40 min,6.0
314,SECTOR CORALINA,CORALINA,11000,0,11000,35-50 min,8.5
315,SECTOR CORALINA,ALBORADA,11000,0,11000,35-50 min,8.5
316,SECTOR CORALINA,SEMILLANOS,10000,0,10000,30-40 min,6.0
317,SECTOR CORALINA,CONUNEROS,10000,0,10000,30-40 min,6.0
318,SECTOR CORALINA,EL JARDIN,10000,0,10000,30-40 min,6.0
319,SECTOR CORALINA,CENTAUROS,10000,0,10000,30-40 min,6.0
320,SECTOR CORALINA,PALMAR,10000,0,10000,30-40 min,6.0
321,SECTOR CORALINA,COOPERATIVO,10000,0,10000,30-40 min,6.0
322,SECTOR CORALINA,CARULU,10000,0,10000,30-40 min,6.0
323,SECTOR CORALINA,SESQUICENTENARIO,10000,0,10000,30-40 min,6.0
324,SECTOR CORALINA,SANTA MARTA,11000,0,11000,35-50 min,8.5
325,SECTOR CORALINA,SERRANIA,10000,0,10000,30-40 min,6.0
326,SECTOR CORALINA,CONJUNTO LA CABAÑA,10000,0,10000,30-40 min,6.0
327,SECTOR CORALINA,CONJUNTO PIAMONTE,10000,0,10000,30-40 min,6.0
328,SECTOR CORALINA,EDIFICIO SANTA MARIA RESERVADO,10000,0,10000,30-40 min,6.0
329,SECTOR CORALINA,CONJUNTO CERESOS,10000,0,10000,30-40 min,6.0
330,SECTOR CORALINA,CONDOMINIO LOS NOGALES,10000,0,10000,30-40 min,6.0
331,SECTOR CORALINA,PARQUES DE MONTEBELLO,10000,0,10000,30-40 min,6.0
332,SECTOR BUQUE,"HACIENDA TRAPICHE 1,2",11000,0,11000,35-50 min,8.5
333,SECTOR BUQUE,TRAPICHE,11000,0,11000,35-50 min,8.5
334,SECTOR BUQUE,ALTOS DEL TRAPICHE,11000,0,11000,35-50 min,8.5
335,SECTOR BUQUE,GUADUALES,11000,0,11000,35-50 min,8.5
336,SECTOR BUQUE,ALTOS VILLA CODEM,11000,0,11000,35-50 min,8.5
337,SECTOR BUQUE,CENTRO COMERCIAL PRIMAVERA,11000,0,11000,35-50 min,8.5
338,SECTOR GENERAL,CONDOMINIO MOTEARROYO,12000,0,12000,35-50 min,8.5
339,SECTOR GENERAL,CUJUNTO LAS MARGARITAS,12000,0,12000,35-50 min,8.5
340,SECTOR GENERAL,MARGARITA REAL,11000,0,11000,35-50 min,8.5
341,SECTOR GENERAL,CLINICA OCULAR,11000,0,11000,35-50 min,8.5
342,SECTOR GENERAL,BUQUE ALTO,11000,0,11000,35-50 min,8.5
343,SECTOR GENERAL,BUQUE,11000,0,11000,35-50 min,8.5
344,SECTOR GENERAL,COLEGIO DON BOSCO,11000,0,11000,35-50 min,8.5
345,SECTOR GENERAL,CONJUNTO ALTA GRACIA,12000,0,12000,35-50 min,8.5
346,SECTOR GENERAL,COJUNTO BUGANVILES,13000,0,13000,35-50 min,8.5
347,SECTOR GENERAL,CONDOMINIO LA RESERVA,11000,0,11000,35-50 min,8.5
348,SECTOR GENERAL,CONJUNTO UMABARY,12000,0,12000,35-50 min,8.5
349,SECTOR GENERAL,CONJUNTO LA SERRANIA,12000,0,12000,35-50 min,8.5
350,SECTOR GENERAL,CONDOMINIO MADEIRA,12000,0,12000,35-50 min,8.5
351,SECTOR GENERAL,TORRRES DE SANJUAN,12000,0,12000,35-50 min,8.5
352,SECTOR GENERAL,SECRETARIA DE LA MUJER,11000,0,11000,35-50 min,8.5
353,SECTOR GENERAL,PADAMIA CUARENTA,12000,0,12000,35-50 min,8.5
354,SECTOR GENERAL,CONJUNTO RICON DEL BUQUE,12000,0,12000,35-50 min,8.5
355,SECTOR GENERAL,QUINTAS DE SAN SOUCCI,11000,0,11000,35-50 min,8.5
356,SECTOR GENERAL,BALCONES DE TOLEDO,12000,0,12000,35-50 min,8.5
357,SECTOR GENERAL,PORTAL DE LOS OCOBOS,13000,0,13000,35-50 min,8.5
358,SECTOR ESTE BAJO,URBANIZACION SANTA CATALINA,10000,0,10000,30-40 min,6.0
359,SECTOR ESTE BAJO,VILLAS DE CATAMA,10000,0,10000,30-40 min,6.0
360,SECTOR ESTE BAJO,PRADOS DE SEVERIA,11000,0,11000,35-50 min,8.5
361,SECTOR ESTE BAJO,MARCO ANTONIO PINILLA,11000,0,11000,35-50 min,8.5
362,SECTOR ESTE BAJO,PINILLA,12000,0,12000,35-50 min,8.5
363,SECTOR ESTE BAJO,RODEO,11000,0,11000,35-50 min,8.5
364,SECTOR ESTE BAJO,EL MILAGRO,13000,0,13000,35-50 min,8.5
365,SECTOR ESTE BAJO,PRADOS DE SIVERIA,11000,0,11000,35-50 min,8.5
366,SECTOR ESTE BAJO,ANTONIO VILLAVICENCIO,11000,0,11000,35-50 min,8.5
367,SECTOR ESTE BAJO,COVISAN,12000,0,12000,35-50 min,8.5
368,SECTOR ESTE BAJO,URBANIZACION COVISAN,11000,0,11000,35-50 min,8.5
369,SECTOR ESTE BAJO,LOS GEMELOS,11000,0,11000,35-50 min,8.5
370,SECTOR ESTE BAJO,CIUDAD SALITRE,15000,0,15000,35-50 min,8.5
371,SECTOR GENERAL,SAN CARLOS,13000,0,13000,35-50 min,8.5
372,SECTOR GENERAL,MARCOS BAJO PINILLA,13000,0,13000,35-50 min,8.5
373,SECTOR GENERAL,MORILLCHAL,12000,0,12000,35-50 min,8.5
374,SECTOR GENERAL,DELIRIO,12000,0,12000,35-50 min,8.5
375,SECTOR GENERAL,CONDOMINIO BARLOVENTO,11000,0,11000,35-50 min,8.5
376,SECTOR GENERAL,"CONDOMINIO BOSQUES DE ABAJAM 1,2,3",10000,0,10000,30-40 min,6.0
377,SECTOR GENERAL,"OKAVANGOS 1,2",10000,0,10000,30-40 min,6.0
378,SECTOR GENERAL,"NUEVA COLONBIA 1,2",14000,0,14000,35-50 min,8.5
379,SECTOR GENERAL,PARQUE HABITACIONAL LA ESMERALDA,15000,0,15000,35-50 min,8.5
380,SECTOR GENERAL,ALTOS DE OKAVANGO,16000,0,16000,35-50 min,8.5
381,SECTOR GENERAL,BALNEARIO EL RANCHO,14000,0,14000,35-50 min,8.5
382,SECTOR GENERAL,QUINTAS DE LLANO,18000,0,18000,35-50 min,8.5
383,SECTOR GENERAL,HOTEL EL CAMAPANARIO,18000,0,18000,35-50 min,8.5
384,SECTOR SUR ROCHELA,SAN JORGE,16000,0,16000,35-50 min,8.5
385,SECTOR SUR ROCHELA,EL RUBI,16000,0,16000,35-50 min,8.5
386,SECTOR SUR ROCHELA,SANTA LIBRADA,16000,0,16000,35-50 min,8.5
387,SECTOR SUR ROCHELA,GUATAPE,16000,0,16000,35-50 min,8.5
388,SECTOR SUR ROCHELA,CATUMARE,16000,0,16000,35-50 min,8.5
389,SECTOR SUR ROCHELA,SEMILLAS DE LA PAZ,16000,0,16000,35-50 min,8.5
390,SECTOR SUR ROCHELA,NUEVO JERUSALEN,16000,0,16000,35-50 min,8.5
391,SECTOR SUR ROCHELA,ALAMOS SANTA ROSA,16000,0,16000,35-50 min,8.5
392,SECTOR SUR ROCHELA,VILLA ORIENTE,16000,0,16000,35-50 min,8.5
393,SECTOR SUR ROCHELA,TEUSAQUILLO,16000,0,16000,35-50 min,8.5
394,SECTOR SUR ROCHELA,MONTECARLOS ALTO,16000,0,16000,35-50 min,8.5
395,SECTOR SUR ROCHELA,MOTECARLOS BAJO,16000,0,16000,35-50 min,8.5
396,SECTOR SUR ROCHELA,VILLA DEL RIO,16000,0,16000,35-50 min,8.5
397,SECTOR SUR ROCHELA,ROCHELA,16000,0,16000,35-50 min,8.5
398,SECTOR SUR ROCHELA,NUEVO HORISONTE,16000,0,16000,35-50 min,8.5
399,SECTOR SUR ROCHELA,PLAYA RICA,16000,0,16000,35-50 min,8.5
400,SECTOR GENERAL,LOMA LINDA,16000,0,16000,35-50 min,8.5
401,SECTOR GENERAL,VILLA LORENA,16000,0,16000,35-50 min,8.5
402,SECTOR GENERAL,CAPACHOS,15000,0,15000,35-50 min,8.5
403,SECTOR GENERAL,MARANATHA,16000,0,16000,35-50 min,8.5
404,SECTOR GENERAL,CONDOMINIO QUINTAS DE SANGORJE,16000,0,16000,35-50 min,8.5
405,SECTOR GENERAL,"RINCON DE LAS MARGARITAS 1,2,",16000,0,16000,35-50 min,8.5
406,SECTOR GENERAL,COJUNTO MONTECARLOS RESERVADO,16000,0,16000,35-50 min,8.5
407,SECTOR GENERAL,"CIUDAD DEL CAMPO 1,2,3,",16000,0,16000,35-50 min,8.5
408,SECTOR GENERAL,ACADEMIA MILITAR JOSE ANTONIO PAEZ,16000,0,16000,35-50 min,8.5
409,SECTOR GENERAL,CODOMINIO ALAMA,16000,0,16000,35-50 min,8.5
410,SECTOR GENERAL,CONDOMINIO SANTILLANAS DEL LLANO,16000,0,16000,35-50 min,8.5
411,SECTOR GENERAL,CONDOMINIO EL RINCON DE LAS LOMAS,17000,0,17000,35-50 min,8.5
412,SECTOR SUR LAS AMERICAS,"SERRAMONTE 1,2,3,4,5,6,7",13000,0,13000,35-50 min,8.5
413,SECTOR SUR LAS AMERICAS,LLANO LINDO,13000,0,13000,35-50 min,8.5
414,SECTOR SUR LAS AMERICAS,LOS HEROES,12000,0,12000,35-50 min,8.5
415,SECTOR SUR LAS AMERICAS,LAS AMERICAS,13000,0,13000,35-50 min,8.5
416,SECTOR SUR LAS AMERICAS,LEON TRECE,13000,0,13000,35-50 min,8.5
417,SECTOR SUR LAS AMERICAS,EL REFUGIO,13000,0,13000,35-50 min,8.5
418,SECTOR SUR LAS AMERICAS,PARQUE FUNDADORES,12000,0,12000,35-50 min,8.5
419,SECTOR SUR LAS AMERICAS,LA HACIENDA CENTRO COMERCIAL,11000,0,11000,35-50 min,8.5
420,SECTOR SUR LAS AMERICAS,COLINA CAMPESTRE,12000,0,12000,35-50 min,8.5
421,SECTOR SUR LAS AMERICAS,PISCINA LAS AMERICAS,13000,0,13000,35-50 min,8.5
422,SECTOR SUR LAS AMERICAS,PISCINA JAMAICA,14000,0,14000,35-50 min,8.5
423,SECTOR SUR LAS AMERICAS,SELVATICO,14000,0,14000,35-50 min,8.5
424,SECTOR OLLAS PELIGRO,NO,6000,0,6000,15-25 min,2.0
425,SECTOR OLLAS PELIGRO,VILLA SUAREZ,6000,0,6000,15-25 min,2.0
426,SECTOR OLLAS PELIGRO,SAN JOSE,6000,0,6000,15-25 min,2.0
427,SECTOR OLLAS PELIGRO,INDUSTRIAL,8000,0,8000,25-35 min,4.5
428,SECTOR OLLAS PELIGRO,GUATIQUIA,6000,0,6000,15-25 min,2.0
429,SECTOR OLLAS PELIGRO,EL DIKE,6000,0,6000,15-25 min,2.0
430,SECTOR GENERAL,TOPACIO,9000,0,9000,30-40 min,6.0
431,SECTOR GENERAL,LOS VENCEDORES,9000,0,9000,30-40 min,6.0
432,SECTOR GENERAL,PORTALES DEL LLANO,9000,0,9000,30-40 min,6.0
433,SECTOR GENERAL,"NUEVA COLOMBIA 1,2",15000,0,15000,35-50 min,8.5
434,SECTOR GENERAL,SANTANDER NO,15000,0,15000,35-50 min,8.5
435,SECTOR GENERAL,MALVINAS NO,6000,0,6000,15-25 min,2.0
436,SECTOR GENERAL,CALAMAR NO,6000,0,6000,15-25 min,2.0
437,SECTOR GENERAL,SANTA FE NO,6000,0,6000,15-25 min,2.0
438,SECTOR GENERAL,SAN FERNANDO,13000,0,13000,35-50 min,8.5
439,SECTOR GENERAL,GAITAN BAJO NO,12000,0,12000,35-50 min,8.5
440,SECTOR GENERAL,BRISAS DEL GUATIQUIA NO,6000,0,6000,15-25 min,2.0
441,SECTOR RELIQUIA,RELIQUIA,16000,0,16000,35-50 min,8.5
442,SECTOR RELIQUIA,BETY CAMACHO,16000,0,16000,35-50 min,8.5
443,SECTOR RELIQUIA,FRIOGAN,18000,0,18000,35-50 min,8.5
444,SECTOR RELIQUIA,TRECE DE MAYO,16000,0,16000,35-50 min,8.5
445,SECTOR RELIQUIA,CANCHAS LA GAMBETA,17000,0,17000,35-50 min,8.5
446,SECTOR RELIQUIA,SALON DE EVENTOS JC,16000,0,16000,35-50 min,8.5
447,SECTOR RELIQUIA,BALNEARIO EL ESCONDITE,16000,0,16000,35-50 min,8.5
448,SECTOR RELIQUIA,HACIENDA LA MILAGROSA,16000,0,16000,35-50 min,8.5
449,SECTOR RELIQUIA,PARQUE KARMANU,17000,0,17000,35-50 min,8.5
450,SECTOR RELIQUIA,RANCHO J&C,17000,0,17000,35-50 min,8.5
451,SECTOR RELIQUIA,HOTEL LLANO DORADO,18000,0,18000,35-50 min,8.5
452,SECTOR RELIQUIA,CONDOMINIO BRIS DE JAZMIN,17000,0,17000,35-50 min,8.5
453,SECTOR RELIQUIA,DONDOMINIO CEDRITOS CAMPESTRE,20000,0,20000,35-50 min,8.5
454,SECTOR RELIQUIA,CONDOMINIO CAMPESTRE GUALANDAY,20000,0,20000,35-50 min,8.5
455,SECTOR RELIQUIA,CONJUNTO SAN CAMILO,20000,0,20000,35-50 min,8.5
456,SECTOR PORFIA,CIUDAD PORFIA,20000,0,20000,35-50 min,8.5
457,SECTOR PORFIA,LOS PINOS PORFIA,20000,0,20000,35-50 min,8.5
458,SECTOR PORFIA,VILLA JULIANA,22000,0,22000,35-50 min,8.5
459,SECTOR GENERAL,BRASILIA,20000,0,20000,35-50 min,8.5
460,SECTOR GENERAL,CHARRASCAL,20000,0,20000,35-50 min,8.5
461,SECTOR GENERAL,CIUDAD MILENIO,20000,0,20000,35-50 min,8.5
462,SECTOR GENERAL,VILLAS DE SAN AGUSTIN,20000,0,20000,35-50 min,8.5
463,SECTOR GENERAL,LAMADRID,20000,0,20000,35-50 min,8.5
464,SECTOR GENERAL,CANCHAS PRIMER TIEMPO,23000,0,23000,35-50 min,8.5
465,SECTOR GENERAL,LA NORA,18000,0,18000,35-50 min,8.5
466,SECTOR GENERAL,CONDOMINIO CAMPESTRE PIEDEMONTE,23000,0,23000,35-50 min,8.5
467,SECTOR GENERAL,GRAMALOTE,20000,0,20000,35-50 min,8.5
468,SECTOR GENERAL,SAMAN DE LA RIVERA,20000,0,20000,35-50 min,8.5
469,SECTOR GENERAL,LA CUNCIA,18000,0,18000,35-50 min,8.5
470,SECTOR SALIDA PUERTO LOPEZ,JUAN PABLO,16000,0,16000,35-50 min,8.5
471,SECTOR SALIDA PUERTO LOPEZ,CONDOMINIO BOSQUE DE PROVIDENCIA,16000,0,16000,35-50 min,8.5
472,SECTOR SALIDA PUERTO LOPEZ,MOTEL MEDIA LUNA,16000,0,16000,35-50 min,8.5
473,SECTOR SALIDA PUERTO LOPEZ,PARCELAS DE SAN CARLOS,16000,0,16000,35-50 min,8.5
474,SECTOR SALIDA PUERTO LOPEZ,QUINTAS DE SANTA ANA VEREDA,20000,0,20000,35-50 min,8.5
475,SECTOR SALIDA PUERTO LOPEZ,BALMORAL,20000,0,20000,35-50 min,8.5
476,SECTOR SALIDA PUERTO LOPEZ,CONDOMINIO MONTEMADERO,18000,0,18000,35-50 min,8.5
477,SECTOR SALIDA PUERTO LOPEZ,VEREDA CECILIA,18000,0,18000,35-50 min,8.5
478,SECTOR SALIDA PUERTO LOPEZ,UNIVERSIDAD ANTONIO NARIÑO,18000,0,18000,35-50 min,8.5
479,SECTOR SALIDA PUERTO LOPEZ,CAMINOS DEL MEDITERRANEO,18000,0,18000,35-50 min,8.5
480,SECTOR SALIDA PUERTO LOPEZ,BARU,18000,0,18000,35-50 min,8.5
481,SECTOR SALIDA PUERTO LOPEZ,BARQUITOS,20000,0,20000,35-50 min,8.5
482,SECTOR SALIDA PUERTO LOPEZ,VEREDA APIAY,18000,0,18000,35-50 min,8.5
483,SECTOR SALIDA PUERTO LOPEZ,LA FUERZA AERIA,25000,0,25000,35-50 min,8.5
484,SECTOR SALIDA PUERTO LOPEZ,CUARTA DEVISION DEL EJERCITO,23000,0,23000,35-50 min,8.5
485,SECTOR SALIDA PUERTO LOPEZ,VEREDA LLANERITA,23000,0,23000,35-50 min,8.5
486,SECTOR SALIDA PUERTO LOPEZ,VILLA SUIZA,30000,0,30000,35-50 min,8.5
487,SECTOR SALIDA PUERTO LOPEZ,VEREDA BARCELONA,25000,0,25000,35-50 min,8.5
488,SECTOR SALIDA PUERTO LOPEZ,UNIVERSIDAD LOS LLANOS BARCELONA,22000,0,22000,35-50 min,8.5
489,SECTOR SALIDA PUERTO LOPEZ,HACHON SENA,22000,0,22000,35-50 min,8.5
490,SECTOR SALIDA RESTREPO VANGUARDIA,AEROPUERTO,15000,0,15000,35-50 min,8.5
491,SECTOR SALIDA RESTREPO VANGUARDIA,POSO AZUL,15000,0,15000,35-50 min,8.5
492,SECTOR GENERAL,VEREDA VANGUARDIA,16000,0,16000,35-50 min,8.5
493,SECTOR GENERAL,ALDEA LA AURORA,16000,0,16000,35-50 min,8.5
494,SECTOR GENERAL,VIA ANTIGUA RESTREPO,16000,0,16000,35-50 min,8.5
495,SECTOR GENERAL,LA BENDITA,16000,0,16000,35-50 min,8.5
496,SECTOR GENERAL,AVEMARIA,17000,0,17000,35-50 min,8.5
497,SECTOR GENERAL,CANCHAS SOCCER,17000,0,17000,35-50 min,8.5
498,SECTOR GENERAL,CONDOMINIO SANRA BARBARA,18000,0,18000,35-50 min,8.5
499,SECTOR GENERAL,HOGAR GERRIATRICO DIVINO NIÑO JESUS,18000,0,18000,35-50 min,8.5
500,SECTOR GENERAL,LA CHORRERA,18000,0,18000,35-50 min,8.5
501,SECTOR GENERAL,CONDOMINIO SANTA BARBARA,18000,0,18000,35-50 min,8.5
502,SECTOR GENERAL,HOTEL HERRADURO,20000,0,20000,35-50 min,8.5
503,SECTOR GENERAL,MOTEL HOLLYWOO,20000,0,20000,35-50 min,8.5
504,SECTOR GENERAL,HOTEL VANGUARDIA,20000,0,20000,35-50 min,8.5
505,SECTOR GENERAL,CONDOMINIO SALAMANCA,16000,0,16000,35-50 min,8.5
506,SECTOR GENERAL,PARQUE OCARROS,16000,0,16000,35-50 min,8.5
507,SECTOR GENERAL,CEMENTERIO JARDINES DEL LLANO,18000,0,18000,35-50 min,8.5
508,SECTOR GENERAL,CONDOMINIO FLOR MURADO,18000,0,18000,35-50 min,8.5
509,SECTOR GENERAL,CONDOMINIO LOS ALPES,20000,0,20000,35-50 min,8.5
510,SECTOR GENERAL,VEREDA LA POYATA,20000,0,20000,35-50 min,8.5
511,SECTOR GENERAL,PEAJE PUENTE AMARILLO,25000,0,25000,35-50 min,8.5
512,SECTOR GENERAL,CONDOMINIO CAMPESTRE PALMA REAL,20000,0,20000,35-50 min,8.5
513,SECTOR GENERAL,VEREDA ARGENTINA,22000,0,22000,35-50 min,8.5
514,SECTOR GENERAL,RESTREPO,25000,0,25000,35-50 min,8.5
515,SECTOR VEREDA EL CAIRO,RESERVA SAN NICOLAS VEREDA CAIRO,20000,0,20000,35-50 min,8.5
516,SECTOR VEREDA EL CAIRO,VILLAS DEL SANTUARIO CAIRO,20000,0,20000,35-50 min,8.5
517,SECTOR VEREDA EL CAIRO,CONDOMINIO CAMPRESTE ENTRE LAGOS,20000,0,20000,35-50 min,8.5
518,SECTOR VEREDA EL CAIRO,CONDOMINIO SAN BASILIO CAIRO,20000,0,20000,35-50 min,8.5
519,SECTOR VEREDA EL CAIRO,CONJUNTO LA CASTELLANA CAIRO,22000,0,22000,35-50 min,8.5
520,SECTOR VEREDA EL CAIRO,GIMNACIO LOS OCOBOS CAIRO,22000,0,22000,35-50 min,8.5
521,SECTOR VEREDA EL CAIRO,CONDOMIO TIERRA DEL SOL CAIRO,22000,0,22000,35-50 min,8.5
522,SECTOR VEREDA EL CAIRO,CONDOMINIO LA QUINTA CAIRO,22000,0,22000,35-50 min,8.5
523,SECTOR VEREDA EL CAIRO,CONJUNTO SAN ANGEL CAIRO,22000,0,22000,35-50 min,8.5
524,SECTOR VEREDA EL CAIRO,ONDOMINIO CALLENA CAIRO,23000,0,23000,35-50 min,8.5
525,SECTOR VEREDA EL CAIRO,RESERVAS DEL CAIRO,23000,0,23000,35-50 min,8.5
526,SECTOR GENERAL,VILLAS DEL CAIRO,23000,0,23000,35-50 min,8.5
527,SECTOR GENERAL,CONDOMINIO LA PRIMAVERA CAIRO,23000,0,23000,35-50 min,8.5
528,SECTOR GENERAL,CENTROS COMECIALES,25000,0,25000,35-50 min,8.5
529,SECTOR GENERAL,CENTRO COMERCIAL UNICO,11000,0,11000,35-50 min,8.5
530,SECTOR GENERAL,CENTRO COMERCIAL LLANOCENTRO,11000,0,11000,35-50 min,8.5
531,SECTOR GENERAL,CENTRO COMERCIAL VILLACENTRO,11000,0,11000,35-50 min,8.5
532,SECTOR GENERAL,CENTRO COMERCIAL UNICENTRO,11000,0,11000,35-50 min,8.5
533,SECTOR GENERAL,CONTRO COMERCIAL VIVA,10000,0,10000,30-40 min,6.0
534,SECTOR GENERAL,CENTRO COMERCIAL PRIMAVERA URBANA,12000,0,12000,35-50 min,8.5
535,SECTOR GENERAL,CENTRO COMERCIAL LA HACIENDA,12000,0,12000,35-50 min,8.5
536,SECTOR GENERAL,CENTRO COMERCIAL MARANDUA,12000,0,12000,35-50 min,8.5
537,SECTOR GENERAL,CENTRO COMERCILA VILLA JULIA,10000,0,10000,30-40 min,6.0
538,SECTOR CENTRO,PARQUE CENTRAL,10000,0,10000,30-40 min,6.0
539,SECTOR CENTRO,CELLE DE FLORESTERIAS,10000,0,10000,30-40 min,6.0
540,SECTOR CENTRO,PAQUE DE LOS ESTIDIANTE,10000,0,10000,30-40 min,6.0
541,SECTOR CENTRO,PARQUE DE BANDERAS,10000,0,10000,30-40 min,6.0
542,SECTOR CENTRO,SANI SIDRO,10000,0,10000,30-40 min,6.0
543,SECTOR CENTRO,VILLA JULIA,10000,0,10000,30-40 min,6.0
544,SECTOR CENTRO,ÉXITO CENTRO,10000,0,10000,30-40 min,6.0
545,SECTOR CENTRO,MARANDUO CENTRO,10000,0,10000,30-40 min,6.0
546,SECTOR CENTRO,PARQUE DE LA CRUZ,10000,0,10000,30-40 min,6.0
547,SECTOR CENTRO,PLAZA LIBERTADORES,10000,0,10000,30-40 min,6.0
548,SECTOR CENTRO,PARQUE INFANTIAL,10000,0,10000,30-40 min,6.0
549,SECTOR CENTRO,CRUZ ROJA,10000,0,10000,30-40 min,6.0
550,SECTOR HOTELERO VIA MARACOS,HOTEL BAHIA,9000,0,9000,30-40 min,6.0
551,SECTOR HOTELERO VIA MARACOS,HOTEL JUANCHO,9000,0,9000,30-40 min,6.0
552,SECTOR HOTELERO VIA MARACOS,HOTEL ORIENTE PLAZA,9000,0,9000,30-40 min,6.0
553,SECTOR HOTELERO VIA MARACOS,HOTEL VILLA JOHANA,9000,0,9000,30-40 min,6.0
554,SECTOR HOTELERO VIA MARACOS,HOTEL MORICHAL PLAZA,9000,0,9000,30-40 min,6.0
555,SECTOR HOTELERO VIA MARACOS,HOTEL LLANO LINDO,9000,0,9000,30-40 min,6.0
556,SECTOR HOTELERO VIA MARACOS,HOTEL ARIARI AZUL,9000,0,9000,30-40 min,6.0
557,SECTOR HOTELERO VIA MARACOS,HOTEL RUBIALES,9000,0,9000,30-40 min,6.0
558,SECTOR HOTELERO VIA MARACOS,HOTEL EL TERMINAL,9000,0,9000,30-40 min,6.0
559,SECTOR HOTELERO VIA MARACOS,HOTEL CAMELIAS,9000,0,9000,30-40 min,6.0
560,SECTOR HOTELERO VIA MARACOS,HOTEL ALCARAVAN REAL,9000,0,9000,30-40 min,6.0
561,SECTOR HOTELERO VIA MARACOS,HOTEL REY DAVID,9000,0,9000,30-40 min,6.0
562,SECTOR GENERAL,HOTEL HACARITAMA COLONIAL,9000,0,9000,30-40 min,6.0
563,SECTOR GENERAL,HOTEL HEIDI,9000,0,9000,30-40 min,6.0
564,SECTOR GENERAL,HOTEL CAQUECEÑO,9000,0,9000,30-40 min,6.0
565,SECTOR GENERAL,HOTEL MAMÁ,9000,0,9000,30-40 min,6.0
566,SECTOR GENERAL,HOTEL ESTAMPA LLANERA,9000,0,9000,30-40 min,6.0
567,SECTOR GENERAL,HOTEL SHA,9000,0,9000,30-40 min,6.0
568,SECTOR GENERAL,HOTEL OLAM,9000,0,9000,30-40 min,6.0
569,SECTOR HOTELERO CENTRO,HOTEL CAYENA,10000,0,10000,30-40 min,6.0
570,SECTOR HOTELERO CENTRO,HOTEL CARIMAGUA,10000,0,10000,30-40 min,6.0
571,SECTOR HOTELERO CENTRO,HOTEL NAPOLITANO,10000,0,10000,30-40 min,6.0
572,SECTOR HOTELERO CENTRO,HOTEL SOL DEL LLANO,10000,0,10000,30-40 min,6.0
573,SECTOR HOTELERO CENTRO,HOTEL GRAN RESERVA,10000,0,10000,30-40 min,6.0
574,SECTOR HOTELERO CENTRO,HOTEL VVC,10000,0,10000,30-40 min,6.0
575,SECTOR HOTELERO CENTRO,HOTEL CENTAUROS,10000,0,10000,30-40 min,6.0
576,SECTOR HOTELERO CENTRO,HOTEL SERRANIA REAL,10000,0,10000,30-40 min,6.0
577,SECTOR HOTELERO CENTRO,HOTEL INAMBU,10000,0,10000,30-40 min,6.0
578,SECTOR HOTELERO CENTRO,HOTEL SOL DORADO,10000,0,10000,30-40 min,6.0
579,SECTOR HOTELERO CENTRO,HOTEL PALMA REAL,10000,0,10000,30-40 min,6.0
580,SECTOR HOTELERO CENTRO,HOTEL CAPRI,10000,0,10000,30-40 min,6.0
581,SECTOR HOTELERO CENTRO,HOTEL SANTA ISABEK,10000,0,10000,30-40 min,6.0
582,SECTOR HOTELERO CENTRO,HOTEL LA GARZA ROJO,10000,0,10000,30-40 min,6.0
583,SECTOR HOTELERO CENTRO,HOTEL COLINAS DEL LLANO,10000,0,10000,30-40 min,6.0
584,SECTOR HOTELERO CENTRO,HOTEL VILLA JULIANA,10000,0,10000,30-40 min,6.0
585,SECTOR HOTELERO CENTRO,HOTEL TRAVEL BLUE,10000,0,10000,30-40 min,6.0
586,SECTOR HOTELERO CENTRO,HOTEL CIELOS ABIERTOS,10000,0,10000,30-40 min,6.0
587,SECTOR HOTELERO CENTRO,HOTEL MARIA DANNY,10000,0,10000,30-40 min,6.0
588,SECTOR HOTELERO CENTRO,HOTEL PLAZA GAVAN,10000,0,10000,30-40 min,6.0
589,SECTOR HOTELERO LLANO LINDO,HOTEL ARBOLEDAS PLAZA,12000,0,12000,35-50 min,8.5
590,SECTOR HOTELERO LLANO LINDO,HOTEL OBELISCO LLANERO,12000,0,12000,35-50 min,8.5
591,SECTOR HOTELERO LLANO LINDO,HOTEL SANTI,12000,0,12000,35-50 min,8.5
592,SECTOR HOTELERO LLANO LINDO,HOTEL VIMAR,12000,0,12000,35-50 min,8.5
593,SECTOR GENERAL,HOTEL SOLEV,12000,0,12000,35-50 min,8.5
594,SECTOR GENERAL,HOTEL LIDER DEL LLANO,12000,0,12000,35-50 min,8.5
595,SECTOR GENERAL,HOTEL ALAMEDA,12000,0,12000,35-50 min,8.5
596,SECTOR GENERAL,HOTEL SAN IGNACIO,12000,0,12000,35-50 min,8.5
597,SECTOR GENERAL,HOTEL MI LLANO,12000,0,12000,35-50 min,8.5
598,SECTOR GENERAL,HOTEL POTRILLOS,12000,0,12000,35-50 min,8.5
599,SECTOR HOTELERO BARSAL,HOTEL GHL,10000,0,10000,30-40 min,6.0
600,SECTOR HOTELERO BARSAL,HOTEL DON LOLO,10000,0,10000,30-40 min,6.0
601,SECTOR HOTELERO BARSAL,HOTEL ROYAL PLAZA,10000,0,10000,30-40 min,6.0
602,SECTOR HOTELERO BARSAL,HOTEL CASA CAMAO,10000,0,10000,30-40 min,6.0
603,SECTOR HOTELERO BARSAL,HOTEK MARIA GLORIA,10000,0,10000,30-40 min,6.0
604,SECTOR HOTELERO BARSAL,HOTEL EL DORADO,10000,0,10000,30-40 min,6.0
605,SECTOR HOTELERO BARSAL,HOTEL VHERATTI,10000,0,10000,30-40 min,6.0
606,SECTOR HOTELERO BARSAL,HOTEL CAIMITO,10000,0,10000,30-40 min,6.0
607,SECTOR HOTELERO BARSAL,HOTEL IGUAZU,10000,0,10000,30-40 min,6.0
608,SECTOR HOTELERO BARSAL,HOTEL UNICENTRO,10000,0,10000,30-40 min,6.0
609,SECTOR MOTELES,MOTEL PASHA,10000,0,10000,30-40 min,6.0
610,SECTOR MOTELES,MOTEL TU Y YO,16000,0,16000,35-50 min,8.5
611,SECTOR MOTELES,MOTEL CASABLANCA,10000,0,10000,30-40 min,6.0
612,SECTOR MOTELES,MOTEL CUPIDO,10000,0,10000,30-40 min,6.0
613,SECTOR MOTELES,MOTEL OCOA,10000,0,10000,30-40 min,6.0
614,SECTOR MOTELES,MOTEL TANTRA,12000,0,12000,35-50 min,8.5
615,SECTOR MOTELES,MOTEL ZEUS,10000,0,10000,30-40 min,6.0
616,SECTOR UNIVERSIDADES,UNIVERSIDAD DE LOS LLANOS BARCELONA,22000,0,22000,35-50 min,8.5
617,SECTOR UNIVERSIDADES,UNIVERSIDAD DE LOS LLANOS BARZAL ALTO,22000,0,22000,35-50 min,8.5
618,SECTOR UNIVERSIDADES,UNIVERSIDAD DE LOS LLANOS EMPORIO,10000,0,10000,30-40 min,6.0
619,SECTOR UNIVERSIDADES,UNIVERSIDAD UNIMETA,10000,0,10000,30-40 min,6.0
620,SECTOR UNIVERSIDADES,UNIVERSIDAD COOPERTIVA,13000,0,13000,35-50 min,8.5
621,SECTOR UNIVERSIDADES,UNIVERSIDAD COOPERTIVA BARSAL BAJO,10000,0,10000,30-40 min,6.0
622,SECTOR UNIVERSIDADES,UNIVERSIDAD SANTO TOMAS,10000,0,10000,30-40 min,6.0
623,SECTOR GENERAL,UNIVERSIDAD ANTONIO NARIÑO CECILIA,18000,0,18000,35-50 min,8.5
624,SECTOR DE COLEGIOS,COLEGIO LA SALLE,10000,0,10000,30-40 min,6.0
625,SECTOR DE COLEGIOS,COLEGIO SAGRADO CORAZON,10000,0,10000,30-40 min,6.0
626,SECTOR DE COLEGIOS,COLEGIO BILINGUAL ESPIRITU SANTO,10000,0,10000,30-40 min,6.0
627,SECTOR DE COLEGIOS,OXFORD BILINGUAL SCHOOL,25000,0,25000,35-50 min,8.5
628,SECTOR DE COLEGIOS,COLEGIO LICEO MAYOR,15000,0,15000,35-50 min,8.5
629,SECTOR DE COLEGIOS,COLEGIO COFREM,8000,0,8000,25-35 min,4.5
630,SECTOR DE COLEGIOS,COLEGIO NEIL ARMSTRONG BUQUE,11000,0,11000,35-50 min,8.5
631,SECTOR DE COLEGIOS,GIMNASIO CAMPESTRE EL BOSQUE BUQUE,10000,0,10000,30-40 min,6.0
632,SECTOR DE COLEGIOS,INSTITUCION EDUCATIVA LICEO CREADORES,10000,0,10000,30-40 min,6.0
633,SECTOR DE COLEGIOS,COLEGIO GUILLERMO ESTERO,10000,0,10000,30-40 min,6.0
634,SECTOR DE COLEGIOS,GIMNASIO INFANTIL LA TATA GRAMA,12000,0,12000,35-50 min,8.5
635,SECTOR DE COLEGIOS,COLEGIO SAN GABRIEL PANORAMA,12000,0,12000,35-50 min,8.5
636,SECTOR DE COLEGIOS,COLEGIO ANTONIO NARIÑO PANORAMA,12000,0,12000,35-50 min,8.5
637,SECTOR DE COLEGIOS,COLEGIO DEPARTAMENTAL LA ESPERANZA,10000,0,10000,30-40 min,6.0
638,SECTOR DE COLEGIOS,COLEGIO JUAN PABLO II,13000,0,13000,35-50 min,8.5
639,SECTOR DE COLEGIOS,INSTITUCION ANTONIO RICAUTE CASD,9000,0,9000,30-40 min,6.0
640,SECTOR DE COLEGIOS,INSTITUTO TECNICO INDUSTRIAL,10000,0,10000,30-40 min,6.0
641,SECTOR DE COLEGIOS,COLEGIO MATUS,9000,0,9000,30-40 min,6.0
642,SECTOR DE COLEGIOS,COLEGIO EDUARDO CARRANZA POPULAR,9000,0,9000,30-40 min,6.0
643,SECTOR DE COLEGIOS,COLEGIO EDUARDO CARRANZA CEIBA,8000,0,8000,25-35 min,4.5
644,SECTOR DE COLEGIOS,COLEGIO MANUELA BELTRAN,9000,0,9000,30-40 min,6.0
645,SECTOR DE COLEGIOS,COLEGIO PEQUEÑOS GIGANTES,8000,0,8000,25-35 min,4.5
646,SECTOR DE COLEGIOS,COLEGIO NUESTRA SEÑORA DEL CARMEN,8000,0,8000,25-35 min,4.5
647,SECTOR DE COLEGIOS,INSTITUCION EDUCATIVA INEM,9000,0,9000,30-40 min,6.0
648,SECTOR DE COLEGIOS,COLEGIO CLARENTINO,8000,0,8000,25-35 min,4.5
649,SECTOR DE COLEGIOS,COLEGIO GUATIQUIA,10000,0,10000,30-40 min,6.0
650,SECTOR DE COLEGIOS,COLEGIO TRAVESURAS,11000,0,11000,35-50 min,8.5
651,SECTOR GENERAL,COLEGIO FRANCISCO JOSE DE CALDAS,10000,0,10000,30-40 min,6.0
652,SECTOR GENERAL,COLEGIO JOHN F KENNDY,10000,0,10000,30-40 min,6.0
653,SECTOR GENERAL,COLEGIO ABRAHAM LINCOLN RETIRO,9000,0,9000,30-40 min,6.0
654,SECTOR GENERAL,COLEGIO ABRAHAM LINCOLN VAINILLA,8000,0,8000,25-35 min,4.5
655,SECTOR GENERAL,COLEGIO FEMENINO,9000,0,9000,30-40 min,6.0
656,SECTOR GENERAL,COLEGIO INDUSTRIAL,9000,0,9000,30-40 min,6.0
657,SECTOR GENERAL,COLEGIO ADVENTISTA,11000,0,11000,35-50 min,8.5
658,SECTOR GENERAL,COLEGIO PENIEL,9000,0,9000,30-40 min,6.0
659,SECTOR GENERAL,COLEGIO CERVANTES SAAVEDRA,11000,0,11000,35-50 min,8.5
660,SECTOR GENERAL,COLEGIO SAN FRANCISCO DE ASIS,11000,0,11000,35-50 min,8.5
661,SECTOR GENERAL,COLEGIO SIES DE ABRIL,8000,0,8000,25-35 min,4.5
662,SECTOR PARQUES,PAQUE FUNDADORES,12000,0,12000,35-50 min,8.5
663,SECTOR PARQUES,PARQUE MI LLANURA,12000,0,12000,35-50 min,8.5
664,SECTOR PARQUES,PARQUE DE LA VIDA COFREM,9000,0,9000,30-40 min,6.0
665,SECTOR PARQUES,PARQUE DEL HACHA,8000,0,8000,25-35 min,4.5
666,SECTOR PARQUES,PARQUE DE LAS BANDERAS,10000,0,10000,30-40 min,6.0
667,SECTOR PARQUES,PARQUE DE LOS ESTUDIANTES,10000,0,10000,30-40 min,6.0
668,SECTOR PARQUES,PARQUE INFANTIL,10000,0,10000,30-40 min,6.0
669,SECTOR PARQUES,PARQUE DEL AGUA,10000,0,10000,30-40 min,6.0
670,SECTOR PARQUES,PARQUE GUAYURIBA,8000,0,8000,25-35 min,4.5
671,SECTOR PARQUES,PARUQE DEL SIKUANI,12000,0,12000,35-50 min,8.5
672,SECTOR PARQUES,PQRUQE DE LOS ARTESANOS,9000,0,9000,30-40 min,6.0
673,SECTOR PARQUES,ENTEIDADES PUBLICAS,10000,0,10000,30-40 min,6.0
674,SECTOR PARQUES,GOBERNACION DEL META,10000,0,10000,30-40 min,6.0
675,SECTOR PARQUES,ALCALDIA DE VILLAVICEMCIO,10000,0,10000,30-40 min,6.0
676,SECTOR PARQUES,CONCEJO MUNICIPAL,10000,0,10000,30-40 min,6.0
677,SECTOR PARQUES,DIAN,10000,0,10000,30-40 min,6.0
678,SECTOR PARQUES,COMARA DE COMERCIO,10000,0,10000,30-40 min,6.0
679,SECTOR PARQUES,REGISTRADURIA,9000,0,9000,30-40 min,6.0
680,SECTOR GENERAL,PERSONERIA,8000,0,8000,25-35 min,4.5
681,SECTOR GENERAL,CONTRALORIA,12000,0,12000,35-50 min,8.5
682,SECTOR GENERAL,INSTITUTO DE TURISMO,10000,0,10000,30-40 min,6.0
683,SECTOR GENERAL,INSTITUTO DE DEPORTES Y RECREACION,9000,0,9000,30-40 min,6.0
684,SECTOR GENERAL,SITIOS TURISTICOS Y DE RECREACION,9000,0,9000,30-40 min,6.0
685,SECTOR GENERAL,MIRADOR PIEDRA DEL AMOR,23000,0,23000,35-50 min,8.5
686,SECTOR GENERAL,MIRADOR LAS GUACHARACAS,23000,0,23000,35-50 min,8.5
687,SECTOR GENERAL,MIRADOR ALBOR,23000,0,23000,35-50 min,8.5
688,SECTOR GENERAL,MIRADOR DON YO,20000,0,20000,35-50 min,8.5
689,SECTOR GENERAL,MIRADOR HUMADEA,20000,0,20000,35-50 min,8.5
690,SECTOR GENERAL,MIRADOR LAS ARPAS,20000,0,20000,35-50 min,8.5
691,SECTOR GENERAL,PARQUE LAS MALOCAS,20000,0,20000,35-50 min,8.5
692,SECTOR GENERAL,CRISTO REY,15000,0,15000,35-50 min,8.5
693,SECTOR GENERAL,RESTAUTES,13000,0,13000,35-50 min,8.5
694,SECTOR GENERAL,PALCIO DE LOS JUGOS,10000,0,10000,30-40 min,6.0
695,SECTOR GENERAL,FOOD TRUCK PARK,10000,0,10000,30-40 min,6.0
696,SECTOR GENERAL,SIPOTE MALTIADA,10000,0,10000,30-40 min,6.0
697,SECTOR GENERAL,RESTAUTE LALA,9000,0,9000,30-40 min,6.0
698,SECTOR GENERAL,LA POSADA DEL ARRIERO,18000,0,18000,35-50 min,8.5
699,SECTOR GENERAL,LIMONCELLO PIZZERIA,10000,0,10000,30-40 min,6.0
700,SECTOR GENERAL,FRUTOS DEL MAR,11000,0,11000,35-50 min,8.5
701,SECTOR GENERAL,LA COFRADIA,10000,0,10000,30-40 min,6.0
702,SECTOR GENERAL,KOI SUCHI,10000,0,10000,30-40 min,6.0
703,SECTOR GENERAL,DONDE RIAÑOS,9000,0,9000,30-40 min,6.0
704,SECTOR GENERAL,LA BUCARAMANIA,18000,0,18000,35-50 min,8.5
705,SECTOR GENERAL,ASADERO LA TOPOCHERA,10000,0,10000,30-40 min,6.0
706,SECTOR GENERAL,EL AMARRDERO DEL MICO,13000,0,13000,35-50 min,8.5
707,SECTOR GENERAL,GUANAJUATO,15000,0,15000,35-50 min,8.5
708,SECTOR GENERAL,PENJAUS PAISA PRIMAVERA URBANA,9000,0,9000,30-40 min,6.0
709,SECTOR GENERAL,PENJAUS PAISA PARQUE INFANTIL,11000,0,11000,35-50 min,8.5
710,SECTOR GENERAL,EL CABRESTERO,10000,0,10000,30-40 min,6.0
711,SECTOR GENERAL,RESTAURENRE A1,15000,0,15000,35-50 min,8.5
712,SECTOR GENERAL,RESTAURENRE LOVE,10000,0,10000,30-40 min,6.0
713,SECTOR GENERAL,MONCHE COCINA PERUANA,10000,0,10000,30-40 min,6.0
714,SECTOR GENERAL,TERRAZAS VVC BISTRO,10000,0,10000,30-40 min,6.0
715,SECTOR BANCARIO DEL CENTRO,BANCOLOMBIA CENTRO,10000,0,10000,30-40 min,6.0
716,SECTOR BANCARIO DEL CENTRO,BANCO BOGOTA CENTRO,10000,0,10000,30-40 min,6.0
717,SECTOR BANCARIO DEL CENTRO,CONCO AV VILLAS CENTRO,10000,0,10000,30-40 min,6.0
718,SECTOR BANCARIO DEL CENTRO,BANCO DE OCCIDENTE CENTRO,10000,0,10000,30-40 min,6.0
719,SECTOR BANCARIO DEL CENTRO,BANCO DE VIVIENDA CENTRO,10000,0,10000,30-40 min,6.0
720,SECTOR BANCARIO DEL CENTRO,BANCO AGRARIO CENTRO,10000,0,10000,30-40 min,6.0
721,SECTOR BANCARIO DEL CENTRO,BANCO BBVA CENTRO,10000,0,10000,30-40 min,6.0
722,SECTOR BANCARIO DEL CENTRO,BANCO POPULAR CENTRO,10000,0,10000,30-40 min,6.0
723,SECTOR BANCARIO DEL CENTRO,BANCO CAJA SOCIAL CENTRO,10000,0,10000,30-40 min,6.0
724,SECTOR BANCARIO DEL CENTRO,BANCO COLPATRIA CENTRO,10000,0,10000,30-40 min,6.0
725,SECTOR BANCARIO DEL CENTRO,BANCO FALABELLA,10000,0,10000,30-40 min,6.0
726,SECTOR BANCARIO DEL CENTRO,BANCO PINCHINCHA,10000,0,10000,30-40 min,6.0
727,SECTOR BANCARIO DEL CENTRO,BANCOOMEVA,10000,0,10000,30-40 min,6.0
728,SECTOR BANCARIO DEL CENTRO,BANCO MUNDO MUJER,10000,0,10000,30-40 min,6.0
