id,barrio,zona,latitud,longitud,distancia_km,tarifa_base,recargo_distancia,tarifa_total,tiempo_entrega_min
1,LA BENDITA AREPA GRAMA WEB,Sector Medio,4.1585,-73.6415,3.8,6000,4000,10000,19
2,GRAMA,Sector Medio,4.1585,-73.6415,3.8,6000,4000,10000,19
3,acambios en el momento,Sector Medio,4.1459,-73.6367,3.8,6000,4000,10000,19
4,CEIBA,Sector Medio,4.1485,-73.6305,3.8,6000,4000,10000,19
5,CEDRITOS,Sector Medio,4.1502,-73.632,3.8,6000,4000,10000,19
6,BOSQUE BAJO,Sector Medio,4.149,-73.6315,3.8,6000,4000,10000,19
7,SAUCES,Sector Medio,4.1515,-73.6335,3.8,6000,4000,10000,19
8,ROSALES,Sector Medio,4.1495,-73.6295,3.8,6000,4000,10000,19
9,CONJUNTO LLANO GRANDE,Sector Medio,4.1465,-73.6321,3.8,6000,4000,10000,19
10,COJUNTO SANTA LUCIA,Sector Medio,4.1482,-73.6275,3.8,6000,4000,10000,19
11,COJUNTO BARCELONA,Sector Medio,4.147,-73.626,3.8,6000,4000,10000,19
12,CONDOMINIO ROSALES,Sector Medio,4.1495,-73.6295,3.8,6000,4000,10000,19
13,MACARENA,Sector Medio,4.1501,-73.6376,3.8,6000,4000,10000,19
14,DOS MIL BAJO,Sector Medio,4.1455,-73.637,3.8,6000,4000,10000,19
15,DOS MIL ALTO,Sector Medio,4.1448,-73.6385,3.8,6000,4000,10000,19
16,BAMBU,Sector Medio,4.147,-73.6294,3.8,6000,4000,10000,19
17,SANTA HELENA,Sector Medio,4.151,-73.63,3.8,6000,4000,10000,19
18,JORDAN,Sector Medio,4.154,-73.627,3.8,6000,4000,10000,19
19,JORDAN PARAISO,Sector Medio,4.1548,-73.6265,3.8,6000,4000,10000,19
20,JORDAN ALTO,Sector Medio,4.1555,-73.6258,3.8,6000,4000,10000,19
21,SAN LUIS,Sector Medio,4.1465,-73.6325,3.8,6000,4000,10000,19
22,TRANSITO Y ACUEDUCTO,Sector Medio,4.1472,-73.6328,3.8,6000,4000,10000,19
23,MADRIGAL,Sector Medio,4.1505,-73.6285,3.8,6000,4000,10000,19
24,VILLA FABIOLA,Sector Medio,4.1467,-73.6319,3.8,6000,4000,10000,19
25,CAMINO REAL,Sector Medio,4.153,-73.625,3.8,6000,4000,10000,19
26,VILLA CRISTINA,Sector Medio,4.1456,-73.6368,3.8,6000,4000,10000,19
27,CASTILLA,Sector Medio,4.1498,-73.6265,3.8,6000,4000,10000,19
28,VAINILLA,Sector Medio,4.1452,-73.6376,3.8,6000,4000,10000,19
29,CARCEL,Sector Medio,4.1446,-73.6291,3.8,6000,4000,10000,19
30,RECREO,Sector Medio,4.148,-73.629,3.8,6000,4000,10000,19
31,SEIS DE ABRIL,Sector Medio,4.1525,-73.6382,3.8,6000,4000,10000,19
32,OLIMPICA,Sector Medio,4.1505,-73.632,3.8,6000,4000,10000,19
33,MANANTIAL,Sector Medio,4.1533,-73.6323,3.8,6000,4000,10000,19
34,HIERBABUENA,Sector Medio,4.1533,-73.6389,3.8,6000,4000,10000,19
35,Página 571,Conjuntos Sector Medio,4.1464,-73.6342,3.8,6000,4000,10000,19
36,COFREN CATAMA,Conjuntos Sector Medio,4.147,-73.608,3.8,6000,4000,10000,19
37,PUESTO DE SALUD RECREO,Conjuntos Sector Medio,4.148,-73.629,3.8,6000,4000,10000,19
38,ALCALA,Conjuntos Sector Medio,4.1448,-73.6378,3.8,6000,4000,10000,19
39,FLORENCIA,Conjuntos Sector Medio,4.1496,-73.6351,3.8,6000,4000,10000,19
40,DESMONTADORA,Conjuntos Sector Medio,4.1476,-73.6307,3.8,6000,4000,10000,19
41,CONJUNTO CAMINO REAL,Conjuntos Sector Medio,4.153,-73.625,3.8,6000,4000,10000,19
42,"(1,2,3,4)",Conjuntos Sector Medio,4.1444,-73.6319,3.8,6000,4000,10000,19
43,"PARQUES DE SEVILLA (1,2,3,4,)",Conjuntos Sector Medio,4.1521,-73.6374,3.8,6000,4000,10000,19
44,CONJUNTO TULIPANES,Conjuntos Sector Medio,4.1448,-73.6377,3.8,6000,4000,10000,19
45,CONJUNTO GIRASOLES,Conjuntos Sector Medio,4.1506,-73.6293,3.8,6000,4000,10000,19
46,CONJUNTO ALMERIA,Conjuntos Sector Medio,4.1449,-73.6324,3.8,6000,4000,10000,19
47,CONDOMINIO CRISTALES,Conjuntos Sector Medio,4.1486,-73.6371,3.8,6000,4000,10000,19
48,CONJUNTO PALAMA REAL,Conjuntos Sector Medio,4.1531,-73.6379,3.8,6000,4000,10000,19
49,ALTOS DE LOMALINDA,Conjuntos Sector Medio,4.1473,-73.6379,3.8,6000,4000,10000,19
50,COJUNTO VILLA KARINA,Conjuntos Sector Medio,4.1524,-73.6334,3.8,6000,4000,10000,19
51,CONJUNTO PRADOS DE,Conjuntos Sector Medio,4.1465,-73.6383,3.8,6000,4000,10000,19
52,EDIFICIO SANFERNANDO,Conjuntos Sector Medio,4.1529,-73.6325,3.8,6000,4000,10000,19
53,PLAZA,Conjuntos Sector Medio,4.1508,-73.6323,3.8,6000,4000,10000,19
54,PRADOS DE HIRBABUENA,Conjuntos Sector Medio,4.1512,-73.637,3.8,6000,4000,10000,19
55,COJUNTO MALIBU,Conjuntos Sector Medio,4.1497,-73.6328,3.8,6000,4000,10000,19
56,BALCONES DE PONTEVEDRA,Conjuntos Sector Medio,4.1451,-73.635,3.8,6000,4000,10000,19
57,ESTERO,Sector Medio,4.143,-73.615,4.5,6000,5000,11000,21
58,MACUNAIMA,Sector Medio,4.142,-73.617,4.5,6000,5000,11000,21
59,PARQUE DE LA MEMORIA,Sector Medio,4.142,-73.63,4.5,6000,5000,11000,21
60,POPULAR,Sector Medio,4.146,-73.635,4.5,6000,5000,11000,21
61,NOGAL,Sector Medio,4.1475,-73.633,4.5,6000,5000,11000,21
62,SAN CRISTOBAL,Sector Medio,4.1448,-73.6379,4.5,6000,5000,11000,21
63,CAMELIAS,Sector Medio,4.1536,-73.6352,4.5,6000,5000,11000,21
64,OLIMPICO BAJO,Sector Medio,4.1487,-73.6379,4.5,6000,5000,11000,21
65,VILLA ORTIX,Sector Medio,4.1493,-73.6305,4.5,6000,5000,11000,21
66,OLIMPICO,Sector Medio,4.148,-73.6292,4.5,6000,5000,11000,21
67,VILLA JHOANA,Sector Medio,4.1447,-73.6306,4.5,6000,5000,11000,21
68,CATALUÑA,Sector Medio,4.1509,-73.6382,4.5,6000,5000,11000,21
69,VILLA NIEVES,Sector Medio,4.1521,-73.6357,4.5,6000,5000,11000,21
70,DANUVIO,Sector Medio,4.1473,-73.6352,4.5,6000,5000,11000,21
71,Página 572,Sector Medio,4.1454,-73.6361,4.5,6000,5000,11000,21
72,GAUDALAJARA,Sector Medio,4.1459,-73.6338,4.5,6000,5000,11000,21
73,MARACOS,Sector Medio,4.1505,-73.6326,4.5,6000,5000,11000,21
74,MI LLANURA,Sector Medio,4.149,-73.6343,4.5,6000,5000,11000,21
75,BELLO HORISONTE,Sector Medio,4.1442,-73.6373,4.5,6000,5000,11000,21
76,SAN INGNACIO,Sector Medio,4.1474,-73.633,4.5,6000,5000,11000,21
77,"CANTARRANA 1,2,3,4,",Sector Medio,4.1472,-73.6382,4.5,6000,5000,11000,21
78,PARQUE LA LLNURA,Sector Medio,4.1502,-73.6384,4.5,6000,5000,11000,21
79,PARQUE SICUANI,Sector Medio,4.1476,-73.6322,4.5,6000,5000,11000,21
80,SAUSALITO,Sector Medio,4.1471,-73.6375,4.5,6000,5000,11000,21
81,BOCHICA,Sector Medio,4.1527,-73.6383,4.5,6000,5000,11000,21
82,CANAIMA,Sector Medio,4.1446,-73.6343,4.5,6000,5000,11000,21
83,PORTAL DEL CANAIMA,Sector Medio,4.1526,-73.6329,4.5,6000,5000,11000,21
84,SAN NISIDRO,Sector Medio,4.1442,-73.6304,4.5,6000,5000,11000,21
85,SANTA INES,Sector Medio,4.1509,-73.6339,4.5,6000,5000,11000,21
86,HOTEL ROSADO,Sector Medio,4.1456,-73.6357,4.5,6000,5000,11000,21
87,VILLA DEL SOL,Sector Medio,4.1443,-73.6354,4.5,6000,5000,11000,21
88,LA MORGUE,Sector Medio,4.1447,-73.6377,4.5,6000,5000,11000,21
89,SAN MARCOS,Sector Medio,4.1455,-73.6313,4.5,6000,5000,11000,21
90,CONJONTO TOSCANA,Sector Medio,4.1457,-73.636,4.5,6000,5000,11000,21
91,QUINTAS DE TOSCANA,Sector Medio,4.1471,-73.6372,4.5,6000,5000,11000,21
92,FLORIDA,Sector Medio,4.1534,-73.6352,4.5,6000,5000,11000,21
93,NUEVA FLORESTA,Sector Medio,4.1515,-73.6362,4.5,6000,5000,11000,21
94,TEUSACA,Sector Medio,4.15,-73.6363,4.5,6000,5000,11000,21
95,EMBUDO,Sector Medio,4.1478,-73.6304,4.5,6000,5000,11000,21
96,SANBENITO,Sector Medio,4.1438,-73.6315,4.5,6000,5000,11000,21
97,NUEVO RICAUTE,Sector Medio,4.145,-73.6323,4.5,6000,5000,11000,21
98,PORVENIR,Sector Medio,4.1532,-73.6355,4.5,6000,5000,11000,21
99,VIENTE JULIO,Sector Medio,4.1518,-73.6327,4.5,6000,5000,11000,21
100,SIMON BOLIVAR,Sector Medio,4.1515,-73.6375,4.5,6000,5000,11000,21
101,ANTONIO RICAUTE,Sector Medio,4.152,-73.6332,4.5,6000,5000,11000,21
102,BARRIO NOGALES,Sector Medio,4.1475,-73.633,4.5,6000,5000,11000,21
103,CANEY,Sector Medio,4.1468,-73.6318,4.5,6000,5000,11000,21
104,Página 573,Sector Cereo Uno,4.1466,-73.6383,3.8,6000,4000,10000,19
105,BRISAS DEL CANEY,Sector Cereo Uno,4.1468,-73.6318,3.8,6000,4000,10000,19
106,AMARAL,Sector Cereo Uno,4.1441,-73.6389,3.8,6000,4000,10000,19
107,CATATUMBO,Sector Cereo Uno,4.1464,-73.6336,3.8,6000,4000,10000,19
108,RETIRO,Sector Cereo Uno,4.1448,-73.6327,3.8,6000,4000,10000,19
109,BUENOS AIRES,Sector Cereo Uno,4.1442,-73.6359,3.8,6000,4000,10000,19
110,REMANSO,Sector Cereo Uno,4.1499,-73.6353,3.8,6000,4000,10000,19
111,VIZCAYA,Sector Cereo Uno,4.1522,-73.6291,3.8,6000,4000,10000,19
112,HOTEL HACARITAMA,Sector Cereo Uno,4.1456,-73.6338,3.8,6000,4000,10000,19
113,CANCHA RACING,Sector Cereo Uno,4.1443,-73.6308,3.8,6000,4000,10000,19
114,HACARITAMA,Sector Cereo Uno,4.1447,-73.6386,3.8,6000,4000,10000,19
115,BARRIO PRIMAVERA,Sector Cereo Uno,4.1479,-73.636,3.8,6000,4000,10000,19
116,PARQUE PRIMAVERA,Sector Cereo Uno,4.1524,-73.6305,3.8,6000,4000,10000,19
117,CIUDADELA EL DIVINO NIÑO,Sector Cereo Uno,4.1497,-73.6292,3.8,6000,4000,10000,19
118,LAS FERIAS,Sector Cereo Uno,4.148,-73.6314,3.8,6000,4000,10000,19
119,GAITAN,Sector Cereo Uno,4.1456,-73.6352,3.8,6000,4000,10000,19
120,SAN GREGORIO,Sector Cereo Uno,4.1477,-73.6329,3.8,6000,4000,10000,19
121,MAIZARO,Sector Cereo Uno,4.1517,-73.6326,3.8,6000,4000,10000,19
122,"CONDOMINIO DUARY 1,2",Conjuntos Y Condoninios Medio,4.1457,-73.6331,4.5,6000,5000,11000,21
123,CERRO CAMPESTRE ALTO,Conjuntos Y Condoninios Medio,4.1505,-73.6373,4.5,6000,5000,11000,21
124,CERRO CAMPESTRE BAJO,Conjuntos Y Condoninios Medio,4.1455,-73.631,4.5,6000,5000,11000,21
125,CONDOMINIO BOSQUES DE,Conjuntos Y Condoninios Medio,4.15,-73.6318,4.5,6000,5000,11000,21
126,CONDOMINIO PORTAL DEL,Conjuntos Y Condoninios Medio,4.1473,-73.6353,4.5,6000,5000,11000,21
127,MOLINO,Conjuntos Y Condoninios Medio,4.145,-73.6307,4.5,6000,5000,11000,21
128,RESERVAS DEL VIZCAYA,Conjuntos Y Condoninios Medio,4.1519,-73.6384,4.5,6000,5000,11000,21
129,CONJUNTO LOS ALMENDROS,Conjuntos Y Condoninios Medio,4.1438,-73.6314,4.5,6000,5000,11000,21
130,"1,2",Conjuntos Y Condoninios Medio,4.1531,-73.6307,4.5,6000,5000,11000,21
131,CAMINOS DE SEVILLA,Conjuntos Y Condoninios Medio,4.1438,-73.6372,4.5,6000,5000,11000,21
132,LLANO HERMOSO,Conjuntos Y Condoninios Medio,4.1515,-73.6327,4.5,6000,5000,11000,21
133,"CONJUNTO BONNANZA 1,2",Conjuntos Y Condoninios Medio,4.1492,-73.637,4.5,6000,5000,11000,21
134,RINCON DEL LLANO,Conjuntos Y Condoninios Medio,4.1515,-73.6387,4.5,6000,5000,11000,21
135,TORRES DEL MEDITERRENO,Conjuntos Y Condoninios Medio,4.1503,-73.6362,4.5,6000,5000,11000,21
136,TERMINAL DE TRANSPORTE,Sector Terminal,4.128,-73.629,5.9,6000,7000,13000,24
137,Página 574,Sector Terminal,4.1289,-73.6242,5.9,6000,7000,13000,24
138,"QUINTA DE MORELIA 1,2,3",Sector Terminal,4.1288,-73.628,5.9,6000,7000,13000,24
139,CONDOMINIO VILLAVENTO,Sector Terminal,4.1235,-73.6325,5.9,6000,7000,13000,24
140,CONDOMINIO CIUDAD REAL,Sector Terminal,4.1296,-73.6266,5.9,6000,7000,13000,24
141,TORRES DE PRADERA,Sector Terminal,4.1267,-73.6249,5.9,6000,7000,13000,24
142,CONDOMINIO VILLA VALERIA,Sector Terminal,4.1265,-73.6269,5.9,6000,7000,13000,24
143,CONDOMINIO CANAGUAY,Sector Terminal,4.1258,-73.6316,5.9,6000,7000,13000,24
144,JARDINES DE SANTORINE,Sector Terminal,4.1307,-73.6281,5.9,6000,7000,13000,24
145,LLANO REAL CLUB HOUSE,Sector Terminal,4.128,-73.6272,5.9,6000,7000,13000,24
146,PALMAS DE VALLARTA,Sector Terminal,4.1251,-73.6273,5.9,6000,7000,13000,24
147,CONJUNTO TERRABELA,Sector Terminal,4.1292,-73.6276,5.9,6000,7000,13000,24
148,BOSQUES DE MORELIA,Sector Terminal,4.1279,-73.6253,5.9,6000,7000,13000,24
149,"NUEVA ESPERANZA 1,2",Sector Terminal,4.1278,-73.6305,5.9,6000,7000,13000,24
150,CONDOMINIO SIENDA MANOY,Sector Terminal,4.1282,-73.6275,5.9,6000,7000,13000,24
151,QUINTAS DE SANTA CLARA,Sector Terminal,4.1244,-73.6307,5.9,6000,7000,13000,24
152,BARRIO VILLA DEL,Sector Terminal,4.1266,-73.6297,5.9,6000,7000,13000,24
153,ALCARABAN,Sector Terminal,4.1294,-73.6312,5.9,6000,7000,13000,24
154,URBANIZACION CALATRABA,Sector Terminal,4.1237,-73.6323,5.9,6000,7000,13000,24
155,TERRA VERDE,Sector Terminal,4.1297,-73.6255,5.9,6000,7000,13000,24
156,ALAMEDA DEL BOSQUE,Sector Terminal,4.1495,-73.631,5.9,6000,7000,13000,24
157,REMANSOS DEL LLANO,Sector Terminal,4.1281,-73.6266,5.9,6000,7000,13000,24
158,SAN GERARDO,Sector Terminal,4.13,-73.6339,5.9,6000,7000,13000,24
159,TERRA VELA,Sector Terminal,4.1251,-73.6248,5.9,6000,7000,13000,24
160,AMARILO MORICHAL,Sector Amarilo,4.108,-73.605,7.3,6000,9000,15000,28
161,AMARILO CIMARON,Sector Amarilo,4.108,-73.605,7.3,6000,9000,15000,28
162,AMARILO ALBORADA,Sector Amarilo,4.108,-73.605,7.3,6000,9000,15000,28
163,AMARILO PIEDEMONTE,Sector Amarilo,4.108,-73.605,7.3,6000,9000,15000,28
164,AMARILO ARAUCO,Sector Amarilo,4.108,-73.605,7.3,6000,9000,15000,28
165,AMARILO ZAINOS,Sector Amarilo,4.108,-73.605,7.3,6000,9000,15000,28
166,"AMARILO PASOLLONO 1,2,3,4",Sector Amarilo,4.108,-73.605,7.3,6000,9000,15000,28
167,AMARILO ALCARABN,Sector Amarilo,4.108,-73.605,7.3,6000,9000,15000,28
168,AMARILO MAPIRE,Sector Amarilo,4.108,-73.605,7.3,6000,9000,15000,28
169,AMARILO OCARROS,Sector Amarilo,4.108,-73.605,7.3,6000,9000,15000,28
170,AMARILO ARBOLEDA,Sector Amarilo,4.108,-73.605,7.3,6000,9000,15000,28
171,CAMPESTRE,Sector Amarilo,4.1107,-73.6071,7.3,6000,9000,15000,28
172,AMARILO PRADO VERDE,Sector Amarilo,4.108,-73.605,7.3,6000,9000,15000,28
173,CAMPESTRE IV 4,Sector Amarilo,4.1113,-73.608,7.3,6000,9000,15000,28
174,"AMARILO LLANO ALTO 1,2,3,4",Sector Amarilo,4.108,-73.605,7.3,6000,9000,15000,28
175,VILLA HERMOSA,Sector Amarilo,4.1117,-73.6067,6.6,6000,8000,14000,26
176,CONDOMINIO CAMPSTRE,Sector Amarilo,4.1055,-73.6046,8.7,6000,11000,17000,31
177,CARACOLI,Sector Amarilo,4.111,-73.6002,8.7,6000,11000,17000,31
178,Página 575,Sector Amarilo,4.1064,-73.6052,8.7,6000,11000,17000,31
179,GIMNASIO LOS ALCAZARES,Sector Amarilo,4.1116,-73.601,8.7,6000,11000,17000,31
180,LAS MERCEDES,Sector Amarilo,4.1058,-73.6067,8.7,6000,11000,17000,31
181,MULTIFAMILIARES,Sector Los Centauros,4.1102,-73.611,7.3,6000,9000,15000,28
182,"CENTAUROS BLOQUE A,B,C,D",Sector Los Centauros,4.1107,-73.609,7.3,6000,9000,15000,28
183,PORTALES DE GRATAMIRA,Sector Los Centauros,4.1122,-73.6074,7.3,6000,9000,15000,28
184,BALCONES DE GRATAMIRA,Sector Los Centauros,4.1082,-73.6135,7.3,6000,9000,15000,28
185,"TORRES DE SALERMO 1,2",Sector Los Centauros,4.1141,-73.6111,7.3,6000,9000,15000,28
186,CONDOMINIO SANTA ANA,Sector Los Centauros,4.1165,-73.6093,7.3,6000,9000,15000,28
187,CONDOMINIO LA FONTANA,Sector Los Centauros,4.1143,-73.6131,7.3,6000,9000,15000,28
188,CONDOMINIO SANTA PAULA,Sector Los Centauros,4.1079,-73.6091,7.3,6000,9000,15000,28
189,PRADOS DE MARICURE,Sector Los Centauros,4.1078,-73.6079,7.3,6000,9000,15000,28
190,UNIVERSIDAD UNIMINUTO,Sector Los Centauros,4.1123,-73.6113,7.3,6000,9000,15000,28
191,CANCHA SINTETICA QUARZO,Sector Los Centauros,4.1146,-73.6146,7.3,6000,9000,15000,28
192,RENAUULT CASATORO,Sector Los Centauros,4.1135,-73.6097,7.3,6000,9000,15000,28
193,CHEVROLET,Sector Los Centauros,4.1074,-73.6075,7.3,6000,9000,15000,28
194,NISSAN,Sector Los Centauros,4.1079,-73.612,7.3,6000,9000,15000,28
195,SUZUKI ALCALA MOTOR,Sector Los Centauros,4.1133,-73.6147,7.3,6000,9000,15000,28
196,CANCHA MONACO,Sector Los Centauros,4.1086,-73.6136,7.3,6000,9000,15000,28
197,BAR TERRAZA,Sector Los Centauros,4.116,-73.6066,7.3,6000,9000,15000,28
198,7 DE AGOSTO,Sector Barzal,4.1469,-73.64,3.8,6000,4000,10000,19
199,BARZAL BAJO,Sector Barzal,4.1442,-73.6365,3.8,6000,4000,10000,19
200,BARZAL ALTO,Sector Barzal,4.1435,-73.6375,3.8,6000,4000,10000,19
201,CLUB VILLAVICENCIO,Sector Barzal,4.1462,-73.6342,3.8,6000,4000,10000,19
202,MESETAS,Sector Barzal,4.1401,-73.6375,3.8,6000,4000,10000,19
203,ELECTRIFICADORA EMSA,Sector Barzal,4.1455,-73.6334,3.8,6000,4000,10000,19
204,BALATA,Sector Barzal,4.1487,-73.6389,3.8,6000,4000,10000,19
205,CAMOA,Sector Barzal,4.1415,-73.6414,3.8,6000,4000,10000,19
206,SALLE,Sector Barzal,4.1435,-73.6326,3.8,6000,4000,10000,19
207,POZO VEIENTE,Sector Barzal,4.1485,-73.6321,3.8,6000,4000,10000,19
208,RECODO BARZAL,Sector Barzal,4.1442,-73.6365,3.8,6000,4000,10000,19
209,AZOTEA,Sector Barzal,4.1484,-73.6378,3.8,6000,4000,10000,19
210,Página 576,Sector Salud Barzal,4.1487,-73.6393,3.1,6000,3000,9000,17
211,HOSPITAL DEPARTAMENTAL,Sector Salud Barzal,4.1398,-73.6378,3.1,6000,3000,9000,17
212,HOSPITAL DE LA GENTE,Sector Salud Barzal,4.1451,-73.636,3.1,6000,3000,9000,17
213,LIGA CONTRA EL CANCER,Sector Salud Barzal,4.1416,-73.6335,3.1,6000,3000,9000,17
214,SOMOS,Sector Salud Barzal,4.1474,-73.6333,3.1,6000,3000,9000,17
215,CLINICA PRIMAVERA,Sector Salud Barzal,4.1458,-73.6341,3.1,6000,3000,9000,17
216,CLINICA META,Sector Salud Barzal,4.1459,-73.6341,3.1,6000,3000,9000,17
217,NUEVA CLINICA BARZAL,Sector Salud Barzal,4.1442,-73.6365,3.1,6000,3000,9000,17
218,SERVIMEDICOS,Sector Salud Barzal,4.1478,-73.6365,3.1,6000,3000,9000,17
219,SANITAS,Sector Salud Barzal,4.143,-73.6323,3.1,6000,3000,9000,17
220,CAJACOPI BARZAL,Sector Salud Barzal,4.1442,-73.6365,3.1,6000,3000,9000,17
221,CLINICA CARDIOVASCULAR,Sector Salud Barzal,4.141,-73.6316,3.1,6000,3000,9000,17
222,SALUDA TOTAL,Sector Salud Barzal,4.1405,-73.6408,3.1,6000,3000,9000,17
223,CAPILLAS,Sector Salud Barzal,4.1418,-73.635,3.1,6000,3000,9000,17
224,DE LA,Sector Salud Barzal,4.142,-73.63,3.1,6000,3000,9000,17
225,FE,Sector Salud Barzal,4.1393,-73.6344,3.1,6000,3000,9000,17
226,IPS,Sector Salud Barzal,4.1461,-73.6399,3.1,6000,3000,9000,17
227,MONTANO,Sector Salud Barzal,4.1448,-73.633,3.1,6000,3000,9000,17
228,MEDICAL,Sector Salud Barzal,4.148,-73.638,3.1,6000,3000,9000,17
229,BUQUE,Sector Salud Barzal,4.135,-73.642,3.1,6000,3000,9000,17
230,IPS CUIDAR BUQUE,Sector Salud Barzal,4.135,-73.642,3.1,6000,3000,9000,17
231,IPS CENTRO MEDICO DE,Sector Salud Barzal,4.1488,-73.6339,3.1,6000,3000,9000,17
232,REHABILITACION,Sector Salud Barzal,4.1426,-73.6335,3.1,6000,3000,9000,17
233,IPS CENTRO TERAPEUTICO,Sector Salud Barzal,4.1488,-73.6339,3.1,6000,3000,9000,17
234,INTEGRAL,Sector Salud Barzal,4.1406,-73.6319,3.1,6000,3000,9000,17
235,LABORATORIO CLINICO,Sector Salud Barzal,4.1392,-73.6344,3.1,6000,3000,9000,17
236,UNIDAD AMBULATORIA DE,Sector Salud Barzal,4.1435,-73.6321,3.1,6000,3000,9000,17
237,ALTA COMPLEJI,Sector Salud Barzal,4.142,-73.6329,3.1,6000,3000,9000,17
238,IPS MULTISALUD,Sector Salud Barzal,4.1439,-73.6409,3.1,6000,3000,9000,17
239,IPS PREVIS,Sector Salud Barzal,4.1404,-73.6322,3.1,6000,3000,9000,17
240,IPS REHABILITAR,Sector Salud Barzal,4.1458,-73.6398,3.1,6000,3000,9000,17
241,IPS SANTA BARBARA,Sector Salud Barzal,4.1451,-73.6379,3.1,6000,3000,9000,17
242,CLINICA OCULAR BUQUE,Sector Salud Barzal,4.135,-73.642,3.1,6000,3000,9000,17
243,EMPORIO,Sector Minima Grama,4.1569,-73.6424,2.4,6000,2000,8000,16
244,TRIUNFO,Sector Minima Grama,4.1601,-73.6397,2.4,6000,2000,8000,16
245,GALAN,Sector Minima Grama,4.1539,-73.6387,2.4,6000,2000,8000,16
246,ALCACERES,Sector Minima Grama,4.1574,-73.6427,2.4,6000,2000,8000,16
247,ESMERALDA,Sector Minima Grama,4.159,-73.6414,2.4,6000,2000,8000,16
248,ESCUELA DE CARABINEROS,Sector Minima Grama,4.1592,-73.6454,2.4,6000,2000,8000,16
249,DOCE DE OCTUBRE,Sector Minima Grama,4.1562,-73.6449,2.4,6000,2000,8000,16
250,SANTA JOSEFA MILITAR,Sector Minima Grama,4.157,-73.6411,2.4,6000,2000,8000,16
251,Página 577,Sector Minima Grama,4.1549,-73.6368,3.1,6000,3000,9000,17
252,SAN FELIPE,Sector Minima Grama,4.155,-73.6412,3.1,6000,3000,9000,17
253,PANORAMA,Sector Minima Grama,4.1572,-73.6403,3.1,6000,3000,9000,17
254,VIRREY,Sector Minima Grama,4.1631,-73.642,3.1,6000,3000,9000,17
255,CAMPIÑA,Sector Minima Grama,4.1547,-73.6439,3.1,6000,3000,9000,17
256,CHAPINERO BAJO,Sector Minima Grama,4.1584,-73.64,3.1,6000,3000,9000,17
257,CHAPINERO ALTO,Sector Minima Grama,4.154,-73.6413,3.1,6000,3000,9000,17
258,NUEVA GRANADA,Sector Minima Grama,4.1563,-73.6426,3.1,6000,3000,9000,17
259,RONDINELA,Sector Minima Grama,4.1578,-73.6379,3.1,6000,3000,9000,17
260,PRADERA,Sector Minima Grama,4.1561,-73.6405,3.1,6000,3000,9000,17
261,EDIFICIOS,Sector Minima Grama Conjuntos Y,4.1625,-73.6428,3.1,6000,3000,9000,17
262,CONDOMINIO PUERTA DEL SOL,Sector Minima Grama Conjuntos Y,4.1564,-73.6393,3.1,6000,3000,9000,17
263,CONJUNTO RESIDENCIAL,Sector Minima Grama Conjuntos Y,4.1577,-73.6375,3.1,6000,3000,9000,17
264,"CAMBULOS 1,2,3",Sector Minima Grama Conjuntos Y,4.1607,-73.6465,3.1,6000,3000,9000,17
265,COJUNTO RESIDENCIAL SAN,Sector Minima Grama Conjuntos Y,4.1593,-73.6444,3.1,6000,3000,9000,17
266,"ANGEL 1,2",Sector Minima Grama Conjuntos Y,4.1596,-73.6445,3.1,6000,3000,9000,17
267,CONJUNTO PRADROS DE SAN,Sector Minima Grama Conjuntos Y,4.1618,-73.645,3.1,6000,3000,9000,17
268,FRANCISCO,Sector Minima Grama Conjuntos Y,4.1574,-73.6392,3.1,6000,3000,9000,17
269,"SAN ANGEL 1,2",Sector Minima Grama Conjuntos Y,4.1555,-73.6367,3.1,6000,3000,9000,17
270,"LOS CAMBULOS 1,2,3",Sector Minima Grama Conjuntos Y,4.1593,-73.6369,3.1,6000,3000,9000,17
271,PANORAMA DEL CAMPO,Sector Minima Grama Conjuntos Y,4.161,-73.6368,3.1,6000,3000,9000,17
272,LA ARENERA,Sector Minima Grama Conjuntos Y,4.1596,-73.6409,3.1,6000,3000,9000,17
273,CAUDAL,Sector Minima Caudal,4.1595,-73.638,2.4,6000,2000,8000,16
274,CONJUNTO TRIANGULO,Sector Minima Caudal,4.1621,-73.6388,2.4,6000,2000,8000,16
275,EDIFICIO MONTEBELLO,Sector Minima Caudal,4.164,-73.6412,2.4,6000,2000,8000,16
276,"TORRES DEL CAUDAL 1,2",Sector Minima Caudal,4.1595,-73.638,2.4,6000,2000,8000,16
277,TERRAZAS DEL LLANO,Sector Minima Caudal,4.1639,-73.6342,2.4,6000,2000,8000,16
278,TORRRES CLUB,Sector Minima Caudal,4.1643,-73.6356,2.4,6000,2000,8000,16
279,CLUB META,Sector Minima Caudal,4.1628,-73.6429,2.4,6000,2000,8000,16
280,EDIFICIO PLAZA,Sector Minima Caudal,4.1594,-73.6352,2.4,6000,2000,8000,16
281,ALAMEDA ORIENTAL CAUDAL,Sector Minima Caudal,4.1595,-73.638,2.4,6000,2000,8000,16
282,EDIFICIO COSTA BELLA,Sector Minima Caudal,4.1563,-73.6337,2.4,6000,2000,8000,16
283,CAUDAL ALTO,Sector Minima Caudal,4.1595,-73.638,2.4,6000,2000,8000,16
284,EDIDIFICIO AGORA,Sector Minima Caudal,4.1635,-73.6359,2.4,6000,2000,8000,16
285,CONJUNTO ARAGUANEY,Sector Minima Caudal,4.1549,-73.6405,2.4,6000,2000,8000,16
286,HOTEL DEL LLANO,Sector Minima Caudal,4.1569,-73.6358,2.4,6000,2000,8000,16
287,Página 578,Sector Este Kirpas,4.1355,-73.6034,8.0,6000,10000,16000,30
288,EDIFICIO BELLO HORISONTE,Sector Este Kirpas,4.1396,-73.6096,8.0,6000,10000,16000,30
289,CONJUNTO SARARE CAUDAL,Sector Este Kirpas,4.1595,-73.638,8.0,6000,10000,16000,30
290,VALLES DE ARAGON,Sector Este Kirpas,4.1381,-73.6036,8.0,6000,10000,16000,30
291,GAVIOTAS,Sector Este Kirpas,4.1336,-73.6065,8.0,6000,10000,16000,30
292,FIKUS,Sector Este Kirpas,4.1375,-73.6019,8.0,6000,10000,16000,30
293,VILLAMELIA,Sector Este Kirpas,4.1343,-73.605,8.0,6000,10000,16000,30
294,ACAPULCO,Sector Este Kirpas,4.1344,-73.6099,8.0,6000,10000,16000,30
295,KIRPAS,Sector Este Kirpas,4.138,-73.605,8.0,6000,10000,16000,30
296,VILLA SAMPER,Sector Este Kirpas,4.1355,-73.6017,8.0,6000,10000,16000,30
297,SABANA DE KIRPAS,Sector Este Kirpas,4.138,-73.605,8.0,6000,10000,16000,30
298,CAROLINA KIRPAS,Sector Este Kirpas,4.138,-73.605,8.0,6000,10000,16000,30
299,MIRADOR DEL LLANO 2,Sector Este Kirpas,4.1369,-73.6058,8.0,6000,10000,16000,30
300,CAVIVIR,Sector Este Kirpas,4.1388,-73.6024,8.0,6000,10000,16000,30
301,SOCIEGO KIRPAS,Sector Este Kirpas,4.138,-73.605,8.0,6000,10000,16000,30
302,MALOCAS,Sector Este Kirpas,4.1349,-73.6091,8.0,6000,10000,16000,30
303,METROPOLITANA KIRPAS,Sector Este Kirpas,4.138,-73.605,8.0,6000,10000,16000,30
304,VIVERO BIOAGRICOLA,Sector Este Kirpas,4.1401,-73.6098,8.0,6000,10000,16000,30
305,SANATONIO,Sector Este Kirpas,4.1373,-73.6052,8.0,6000,10000,16000,30
306,VILLA MARINA,Sector Este Kirpas,4.139,-73.6008,8.0,6000,10000,16000,30
307,BRILLANTE,Sector Este Kirpas,4.1424,-73.6056,8.0,6000,10000,16000,30
308,"LA ROSITA ETAPA 1,2,3,",Sector Remansos De Rosablanca,4.1511,-73.6329,6.6,6000,8000,14000,26
309,DOÑA LUZ,Sector Remansos De Rosablanca,4.1497,-73.6351,6.6,6000,8000,14000,26
310,PANCANDE,Sector Remansos De Rosablanca,4.1472,-73.6368,6.6,6000,8000,14000,26
311,CHORILLANOS,Sector Remansos De Rosablanca,4.1519,-73.6303,6.6,6000,8000,14000,26
312,REMANSOS DE ROSABLANCA,Sector Remansos De Rosablanca,4.149,-73.635,6.6,6000,8000,14000,26
313,SAN SEBASTIAN,Sector Remansos De Rosablanca,4.148,-73.6368,6.6,6000,8000,14000,26
314,CONDOMINIO SANTA,Sector Remansos De Rosablanca,4.1524,-73.6364,6.6,6000,8000,14000,26
315,MARIA,Sector Remansos De Rosablanca,4.147,-73.6388,6.6,6000,8000,14000,26
316,SEPTIMA BRIGADA DISTRITO,Sector Remansos De Rosablanca,4.1486,-73.6359,6.6,6000,8000,14000,26
317,MILITAR,Sector Remansos De Rosablanca,4.1511,-73.6378,6.6,6000,8000,14000,26
318,CONJUNTO BULEVAR CODEM,Sector Remansos De Rosablanca,4.1442,-73.6348,6.6,6000,8000,14000,26
319,BOSQUE DE ROSABLANCA,Sector Remansos De Rosablanca,4.1458,-73.6298,6.6,6000,8000,14000,26
320,ARRAYANES,Sector Remansos De Rosablanca,4.1497,-73.6383,6.6,6000,8000,14000,26
321,RESERVAS DEL BOSQUE,Sector Remansos De Rosablanca,4.1495,-73.631,6.6,6000,8000,14000,26
322,CONJUNTO VILLA EMAUS,Sector Remansos De Rosablanca,4.1495,-73.6329,6.6,6000,8000,14000,26
323,"CASIBARE 1,2",Sector Remansos De Rosablanca,4.1502,-73.6385,6.6,6000,8000,14000,26
324,CONJUNTO REMANSOS DEL,Sector Remansos De Rosablanca,4.153,-73.6317,6.6,6000,8000,14000,26
325,BOSQUE,Sector Remansos De Rosablanca,4.1495,-73.631,6.6,6000,8000,14000,26
326,Página 579,Sector Esperansa,4.1445,-73.6357,4.5,6000,5000,11000,21
327,VILLAS DEL MEDITERRANEO,Sector Esperansa,4.148,-73.6298,4.5,6000,5000,11000,21
328,"SAN SILVESTRE 1,2,",Sector Esperansa,4.1454,-73.6382,4.5,6000,5000,11000,21
329,AGUAS CLARAS,Sector Esperansa,4.1475,-73.6304,4.5,6000,5000,11000,21
330,"ESPERANZA ETAPA 6,7,8",Sector Esperansa,4.1464,-73.6335,4.5,6000,5000,11000,21
331,"ESPERANZA ETAPA 1,2,3,4,5",Sector Esperansa,4.148,-73.6304,4.5,6000,5000,11000,21
332,BIBLIOTECA GERMAN,Sector Esperansa,4.1453,-73.6315,4.5,6000,5000,11000,21
333,ARCINIEGAS,Sector Esperansa,4.1503,-73.6351,4.5,6000,5000,11000,21
334,PUESTO DE SALUD ESPERANZA,Sector Esperansa,4.1529,-73.6358,4.5,6000,5000,11000,21
335,ROSABLANCA HORIENTAL,Sector Esperansa,4.1462,-73.6299,4.5,6000,5000,11000,21
336,LA VEGA,Sector Esperansa,4.1495,-73.6326,4.5,6000,5000,11000,21
337,VILLA BOLIVAR,Sector Esperansa,4.088,-73.623,4.5,6000,5000,11000,21
338,PARQUE VILLA BOLIVAR,Sector Esperansa,4.088,-73.623,4.5,6000,5000,11000,21
339,VILLA CLAUDIA,Sector Esperansa,4.1534,-73.6322,4.5,6000,5000,11000,21
340,URBANIZACION GUATIQUIA,Sector Esperansa,4.1476,-73.6376,4.5,6000,5000,11000,21
341,GARCIA BORQUES,Sector Esperansa,4.1472,-73.6355,4.5,6000,5000,11000,21
342,LA,Sector Esperansa,4.142,-73.63,4.5,6000,5000,11000,21
343,SIJIN GIMNASIO,Sector Esperansa,4.1508,-73.6311,4.5,6000,5000,11000,21
344,COLEGIO,Sector Esperansa,4.1475,-73.6338,4.5,6000,5000,11000,21
345,ACACIAS,Sector Esperansa,4.1507,-73.6352,4.5,6000,5000,11000,21
346,CONDOMINIO GALICIA,Sector Esperansa,4.1477,-73.6389,4.5,6000,5000,11000,21
347,CONJUNTO PLENAVIDA,Sector Esperansa,4.1485,-73.6362,4.5,6000,5000,11000,21
348,CONJUNTO 2001 ESPERANZA,Sector Esperansa,4.1521,-73.6354,4.5,6000,5000,11000,21
349,MULTIFAMILIARES LA,Sector Esperansa,4.1508,-73.6354,4.5,6000,5000,11000,21
350,ESPERENZA,Sector Esperansa,4.1503,-73.6353,4.5,6000,5000,11000,21
351,EDIFICIO NOGALES,Sector Esperansa,4.1475,-73.633,4.5,6000,5000,11000,21
352,CORALINA,Sector Coralina,4.1536,-73.6336,5.2,6000,6000,12000,23
353,ALBORADA,Sector Coralina,4.1467,-73.6331,5.2,6000,6000,12000,23
354,SEMILLANOS,Sector Coralina,4.1502,-73.6309,5.2,6000,6000,12000,23
355,CONUNEROS,Sector Coralina,4.1507,-73.6345,5.2,6000,6000,12000,23
356,EL JARDIN,Sector Coralina,4.1526,-73.6312,5.2,6000,6000,12000,23
357,CENTAUROS,Sector Coralina,4.112,-73.61,5.2,6000,6000,12000,23
358,PALMAR,Sector Coralina,4.1505,-73.6373,5.2,6000,6000,12000,23
359,COOPERATIVO,Sector Coralina,4.1522,-73.6329,5.2,6000,6000,12000,23
360,CARULU,Sector Coralina,4.1507,-73.6302,5.2,6000,6000,12000,23
361,SESQUICENTENARIO,Sector Coralina,4.1449,-73.6344,5.2,6000,6000,12000,23
362,SANTA MARTA,Sector Coralina,4.1456,-73.6306,5.2,6000,6000,12000,23
363,SERRANIA,Sector Coralina,4.1528,-73.6299,5.2,6000,6000,12000,23
364,CONJUNTO LA CABAÑA,Sector Coralina,4.1518,-73.6359,5.2,6000,6000,12000,23
365,Página 580,Sector Coralina,4.1518,-73.6342,5.2,6000,6000,12000,23
366,CONJUNTO PIAMONTE,Sector Buque,4.1313,-73.6405,4.5,6000,5000,11000,21
367,EDIFICIO SANTA MARIA,Sector Buque,4.1385,-73.6459,4.5,6000,5000,11000,21
368,RESERVADO,Sector Buque,4.1359,-73.6436,4.5,6000,5000,11000,21
369,CONJUNTO CERESOS,Sector Buque,4.1368,-73.6386,4.5,6000,5000,11000,21
370,CONDOMINIO LOS NOGALES,Sector Buque,4.1475,-73.633,4.5,6000,5000,11000,21
371,PARQUES DE MONTEBELLO,Sector Buque,4.1311,-73.6403,4.5,6000,5000,11000,21
372,"HACIENDA TRAPICHE 1,2",Sector Buque,4.1317,-73.6453,4.5,6000,5000,11000,21
373,TRAPICHE,Sector Buque,4.1393,-73.6432,4.5,6000,5000,11000,21
374,ALTOS DEL TRAPICHE,Sector Buque,4.1321,-73.639,4.5,6000,5000,11000,21
375,GUADUALES,Sector Buque,4.1356,-73.6397,4.5,6000,5000,11000,21
376,ALTOS VILLA CODEM,Sector Buque,4.1339,-73.6437,4.5,6000,5000,11000,21
377,CENTRO COMERCIAL,Sector Buque,4.1488,-73.6339,4.5,6000,5000,11000,21
378,PRIMAVERA,Sector Buque,4.1365,-73.637,4.5,6000,5000,11000,21
379,CONDOMINIO MOTEARROYO,Sector Buque,4.1371,-73.643,4.5,6000,5000,11000,21
380,CUJUNTO LAS MARGARITAS,Sector Buque,4.1397,-73.6417,4.5,6000,5000,11000,21
381,MARGARITA REAL,Sector Buque,4.1392,-73.6429,4.5,6000,5000,11000,21
382,CLINICA OCULAR,Sector Buque,4.1315,-73.6408,4.5,6000,5000,11000,21
383,BUQUE ALTO,Sector Buque,4.135,-73.642,4.5,6000,5000,11000,21
384,COLEGIO DON BOSCO,Sector Buque,4.1329,-73.6437,4.5,6000,5000,11000,21
385,CONJUNTO ALTA GRACIA,Sector Buque,4.1305,-73.6466,4.5,6000,5000,11000,21
386,COJUNTO BUGANVILES,Sector Buque,4.1312,-73.642,4.5,6000,5000,11000,21
387,CONDOMINIO LA RESERVA,Sector Buque,4.1313,-73.6378,4.5,6000,5000,11000,21
388,CONJUNTO UMABARY,Sector Buque,4.1309,-73.6402,4.5,6000,5000,11000,21
389,CONJUNTO LA SERRANIA,Sector Buque,4.1306,-73.642,4.5,6000,5000,11000,21
390,CONDOMINIO MADEIRA,Sector Buque,4.1351,-73.6398,4.5,6000,5000,11000,21
391,TORRRES DE SANJUAN,Sector Buque,4.1338,-73.6446,4.5,6000,5000,11000,21
392,SECRETARIA DE LA MUJER,Sector Buque,4.1343,-73.6421,4.5,6000,5000,11000,21
393,PADAMIA CUARENTA,Sector Buque,4.1324,-73.6432,4.5,6000,5000,11000,21
394,CONJUNTO RICON DEL BUQUE,Sector Buque,4.135,-73.642,4.5,6000,5000,11000,21
395,QUINTAS DE SAN SOUCCI,Sector Buque,4.131,-73.6423,4.5,6000,5000,11000,21
396,BALCONES DE TOLEDO,Sector Buque,4.1347,-73.6442,4.5,6000,5000,11000,21
397,PORTAL DE LOS OCOBOS,Sector Buque,4.1337,-73.6407,4.5,6000,5000,11000,21
398,URBANIZACION SANTA,Sector Este Bajo,4.1491,-73.6337,5.9,6000,7000,13000,24
399,CATALINA,Sector Este Bajo,4.1448,-73.6296,5.9,6000,7000,13000,24
400,VILLAS DE CATAMA,Sector Este Bajo,4.147,-73.608,5.9,6000,7000,13000,24
401,PRADOS DE SEVERIA,Sector Este Bajo,4.1497,-73.6365,5.9,6000,7000,13000,24
402,MARCO ANTONIO PINILLA,Sector Este Bajo,4.1478,-73.6353,5.9,6000,7000,13000,24
403,PINILLA,Sector Este Bajo,4.1481,-73.6347,5.9,6000,7000,13000,24
404,RODEO,Sector Este Bajo,4.1479,-73.6367,5.9,6000,7000,13000,24
405,Página 581,Sector Este Bajo,4.1463,-73.6377,5.9,6000,7000,13000,24
406,EL MILAGRO,Sector Este Bajo,4.1519,-73.6358,5.9,6000,7000,13000,24
407,PRADOS DE SIVERIA,Sector Este Bajo,4.1475,-73.6317,5.9,6000,7000,13000,24
408,ANTONIO VILLAVICENCIO,Sector Este Bajo,4.1525,-73.6357,5.9,6000,7000,13000,24
409,COVISAN,Sector Este Bajo,4.1438,-73.6354,5.9,6000,7000,13000,24
410,URBANIZACION COVISAN,Sector Este Bajo,4.1501,-73.6306,5.9,6000,7000,13000,24
411,LOS GEMELOS,Sector Este Bajo,4.1527,-73.6293,8.0,6000,10000,16000,30
412,CIUDAD SALITRE,Sector Este Bajo,4.1464,-73.6361,8.0,6000,10000,16000,30
413,SAN CARLOS,Sector Este Bajo,4.1518,-73.6354,8.0,6000,10000,16000,30
414,MARACOS BAJO PINILLA,Sector Este Bajo,4.1442,-73.6298,8.0,6000,10000,16000,30
415,MORILLCHAL,Sector Este Bajo,4.1519,-73.6337,8.0,6000,10000,16000,30
416,DELIRIO,Sector Este Bajo,4.1537,-73.6307,8.0,6000,10000,16000,30
417,CONDOMINIO BARLOVENTO,Sector Este Bajo,4.1521,-73.6352,8.0,6000,10000,16000,30
418,"ABAJAM 1,2,3",Sector Este Bajo,4.1458,-73.6307,8.0,6000,10000,16000,30
419,"OKAVANGOS 1,2",Sector Este Bajo,4.1475,-73.631,8.0,6000,10000,16000,30
420,"NUEVA COLONBIA 1,2",Sector Este Bajo,4.1463,-73.6387,5.9,6000,7000,13000,24
421,PARQUE HABITACIONAL LA,Sector Este Bajo,4.1516,-73.6381,5.9,6000,7000,13000,24
422,ALTOS DE OKAVANGO,Sector Este Bajo,4.1522,-73.6341,5.9,6000,7000,13000,24
423,BALNEARIO EL RANCHO,Sector Este Bajo,4.1462,-73.6353,5.9,6000,7000,13000,24
424,QUINTAS DE LLANO,Sector Este Bajo,4.1536,-73.6379,5.9,6000,7000,13000,24
425,HOTEL EL CAMAPANARIO,Sector Este Bajo,4.1498,-73.6337,5.9,6000,7000,13000,24
426,SAN JORGE,Sector Sur Rochela,4.0871,-73.6276,8.0,6000,10000,16000,30
427,EL RUBI,Sector Sur Rochela,4.0966,-73.6284,8.0,6000,10000,16000,30
428,SANTA LIBRADA,Sector Sur Rochela,4.0913,-73.6303,8.0,6000,10000,16000,30
429,GUATAPE,Sector Sur Rochela,4.0927,-73.6321,8.0,6000,10000,16000,30
430,CATUMARE,Sector Sur Rochela,4.0894,-73.6291,8.0,6000,10000,16000,30
431,SEMILLAS DE LA PAZ,Sector Sur Rochela,4.0959,-73.6262,8.0,6000,10000,16000,30
432,NUEVO JERUSALEN,Sector Sur Rochela,4.0903,-73.6264,8.0,6000,10000,16000,30
433,ALAMOS SANTA ROSA,Sector Sur Rochela,4.0878,-73.6318,8.0,6000,10000,16000,30
434,VILLA ORIENTE,Sector Sur Rochela,4.0963,-73.624,8.0,6000,10000,16000,30
435,TEUSAQUILLO,Sector Sur Rochela,4.0933,-73.6247,8.0,6000,10000,16000,30
436,MONTECARLOS ALTO,Sector Sur Rochela,4.095,-73.625,8.0,6000,10000,16000,30
437,Página 582,Sector Sur Rochela,4.089,-73.6301,8.0,6000,10000,16000,30
438,MOTECARLOS BAJO,Sector Sur Rochela,4.0884,-73.6243,8.0,6000,10000,16000,30
439,VILLA DEL RIO,Sector Sur Rochela,4.0961,-73.626,8.0,6000,10000,16000,30
440,ROCHELA,Sector Sur Rochela,4.092,-73.628,8.0,6000,10000,16000,30
441,NUEVO HORISONTE,Sector Sur Rochela,4.0878,-73.6317,8.0,6000,10000,16000,30
442,PLAYA RICA,Sector Sur Rochela,4.0942,-73.6243,8.0,6000,10000,16000,30
443,LOMA LINDA,Sector Sur Rochela,4.0956,-73.6239,8.0,6000,10000,16000,30
444,VILLA LORENA,Sector Sur Rochela,4.0883,-73.6314,8.0,6000,10000,16000,30
445,CAPACHOS,Sector Sur Rochela,4.0882,-73.6275,8.0,6000,10000,16000,30
446,MARANATHA,Sector Sur Rochela,4.0944,-73.6274,8.0,6000,10000,16000,30
447,CONDOMINIO QUINTAS DE,Sector Sur Rochela,4.0938,-73.6293,8.0,6000,10000,16000,30
448,SANGORJE,Sector Sur Rochela,4.0937,-73.6269,8.0,6000,10000,16000,30
449,RINCON DE LAS MARGARITAS,Sector Sur Rochela,4.0894,-73.6298,8.0,6000,10000,16000,30
450,"1,2,",Sector Sur Rochela,4.0934,-73.6276,8.0,6000,10000,16000,30
451,COJUNTO MONTECARLOS,Sector Sur Rochela,4.095,-73.625,8.0,6000,10000,16000,30
452,"CIUDAD DEL CAMPO 1,2,3,",Sector Sur Rochela,4.0915,-73.6245,8.0,6000,10000,16000,30
453,ACADEMIA MILITAR JOSE,Sector Sur Rochela,4.0969,-73.6279,8.0,6000,10000,16000,30
454,ANTONIO PAEZ,Sector Sur Rochela,4.0914,-73.6314,8.0,6000,10000,16000,30
455,CODOMINIO ALAMA,Sector Sur Rochela,4.0907,-73.6238,8.0,6000,10000,16000,30
456,CONDOMINIO SANTILLANAS,Sector Sur Rochela,4.0875,-73.6297,8.0,6000,10000,16000,30
457,DEL LLANO,Sector Sur Rochela,4.0959,-73.6235,8.0,6000,10000,16000,30
458,CONDOMINIO EL RINCON DE,Sector Sur Rochela,4.0932,-73.6285,8.0,6000,10000,16000,30
459,LAS LOMAS,Sector Sur Rochela,4.0912,-73.6269,8.0,6000,10000,16000,30
460,"SERRAMONTE 1,2,3,4,5,6,7",Sector Sur Las Americas,4.1499,-73.6383,5.9,6000,7000,13000,24
461,LLANO LINDO,Sector Sur Las Americas,4.1524,-73.6331,5.9,6000,7000,13000,24
462,LOS HEROES,Sector Sur Las Americas,4.1465,-73.6386,5.9,6000,7000,13000,24
463,LAS AMERICAS,Sector Sur Las Americas,4.1459,-73.6344,5.9,6000,7000,13000,24
464,LEON TRECE,Sector Sur Las Americas,4.1532,-73.6316,5.9,6000,7000,13000,24
465,EL REFUGIO,Sector Sur Las Americas,4.1508,-73.6307,5.9,6000,7000,13000,24
466,PARQUE FUNDADORES,Sector Sur Las Americas,4.1476,-73.6347,5.9,6000,7000,13000,24
467,LA HACIENDA CENTRO,Sector Sur Las Americas,4.1488,-73.6339,5.9,6000,7000,13000,24
468,COMERCIAL,Sector Sur Las Americas,4.144,-73.633,5.9,6000,7000,13000,24
469,COLINA CAMPESTRE,Sector Sur Las Americas,4.1537,-73.6309,5.9,6000,7000,13000,24
470,PISCINA LAS AMERICAS,Sector Sur Las Americas,4.1469,-73.6291,5.9,6000,7000,13000,24
471,Página 583,Sector Sur Las Americas,4.1499,-73.6348,6.6,6000,8000,14000,26
472,PISCINA JAMAICA,Sector Sur Las Americas,4.1466,-73.6346,6.6,6000,8000,14000,26
473,SELVATICO,Sector Sur Las Americas,4.1496,-73.6345,6.6,6000,8000,14000,26
474,VILLA SUAREZ,Sector Ollas Peligro,4.1441,-73.6333,3.8,6000,4000,10000,19
475,SAN JOSE,Sector Ollas Peligro,4.1442,-73.6342,3.8,6000,4000,10000,19
476,INDUSTRIAL,Sector Ollas Peligro,4.1537,-73.6315,3.8,6000,4000,10000,19
477,GUATIQUIA,Sector Ollas Peligro,4.1493,-73.6353,3.8,6000,4000,10000,19
478,EL DIKE,Sector Ollas Peligro,4.1446,-73.63,3.8,6000,4000,10000,19
479,TOPACIO,Sector Ollas Peligro,4.1504,-73.6294,3.8,6000,4000,10000,19
480,LOS VENCEDORES,Sector Ollas Peligro,4.1525,-73.6359,3.8,6000,4000,10000,19
481,PORTALES DEL LLANO,Sector Ollas Peligro,4.1443,-73.6321,3.8,6000,4000,10000,19
482,"NUEVA COLOMBIA 1,2",Sector Ollas Peligro,4.1441,-73.6361,3.8,6000,4000,10000,19
483,SANTANDER,Sector Ollas Peligro,4.1471,-73.6365,3.8,6000,4000,10000,19
484,MALVINAS,Sector Ollas Peligro,4.1515,-73.6354,3.8,6000,4000,10000,19
485,CALAMAR,Sector Ollas Peligro,4.1451,-73.6311,3.8,6000,4000,10000,19
486,SANTA FE,Sector Ollas Peligro,4.1466,-73.6327,3.8,6000,4000,10000,19
487,SAN FERNANDO,Sector Ollas Peligro,4.153,-73.6311,3.8,6000,4000,10000,19
488,GAITAN BAJO,Sector Ollas Peligro,4.1498,-73.6373,3.8,6000,4000,10000,19
489,BRISAS DEL GUATIQUIA,Sector Ollas Peligro,4.1532,-73.6297,3.8,6000,4000,10000,19
490,NO,Sector Ollas Peligro,4.153,-73.625,3.8,6000,4000,10000,19
491,RELIQUIA,Sector Reliquia,4.139,-73.592,8.7,6000,11000,17000,31
492,BETY CAMACHO,Sector Reliquia,4.1417,-73.5912,8.7,6000,11000,17000,31
493,FRIOGAN,Sector Reliquia,4.1434,-73.5938,8.7,6000,11000,17000,31
494,TRECE DE MAYO,Sector Reliquia,4.1352,-73.5883,8.7,6000,11000,17000,31
495,CANCHAS LA GAMBETA,Sector Reliquia,4.1377,-73.5949,8.7,6000,11000,17000,31
496,SALON DE EVENTOS JC,Sector Reliquia,4.1398,-73.5898,8.7,6000,11000,17000,31
497,Página 584,Sector Reliquia,4.1373,-73.5915,8.7,6000,11000,17000,31
498,BALNEARIO EL ESCONDITE,Sector Reliquia,4.137,-73.5939,8.7,6000,11000,17000,31
499,HACIENDA LA MILAGROSA,Sector Reliquia,4.1367,-73.5932,8.7,6000,11000,17000,31
500,PARQUE KARMANU,Sector Reliquia,4.1369,-73.5905,8.7,6000,11000,17000,31
501,RANCHO J&C,Sector Reliquia,4.1364,-73.5929,8.7,6000,11000,17000,31
502,HOTEL LLANO DORADO,Sector Reliquia,4.1431,-73.5957,8.7,6000,11000,17000,31
503,CONDOMINIO BRIS DE JAZMIN,Sector Reliquia,4.1358,-73.5959,8.7,6000,11000,17000,31
504,DONDOMINIO CEDRITOS,Sector Reliquia,4.1502,-73.632,8.7,6000,11000,17000,31
505,CONDOMINIO CAMPESTRE,Sector Reliquia,4.1396,-73.5914,8.7,6000,11000,17000,31
506,GUALANDAY,Sector Reliquia,4.1433,-73.591,8.7,6000,11000,17000,31
507,CONJUNTO SAN CAMILO,Sector Reliquia,4.1346,-73.5968,8.7,6000,11000,17000,31
508,CIUDAD PORFIA,Sector Porfia,4.082,-73.621,10.8,6000,14000,20000,37
509,LOS PINOS PORFIA,Sector Porfia,4.082,-73.621,10.8,6000,14000,20000,37
510,VILLA JULIANA,Sector Porfia,4.0778,-73.6175,10.8,6000,14000,20000,37
511,BRASILIA,Sector Porfia,4.0793,-73.6181,10.8,6000,14000,20000,37
512,CHARRASCAL,Sector Porfia,4.0782,-73.6184,10.8,6000,14000,20000,37
513,CIUDAD MILENIO,Sector Porfia,4.0845,-73.6222,10.8,6000,14000,20000,37
514,VILLAS DE SAN AGUSTIN,Sector Porfia,4.0815,-73.6175,10.8,6000,14000,20000,37
515,LAMADRID,Sector Porfia,4.086,-73.6199,10.8,6000,14000,20000,37
516,CANCHAS PRIMER TIEMPO,Sector Porfia,4.0792,-73.6246,10.8,6000,14000,20000,37
517,LA NORA,Sector Porfia,4.078,-73.6214,10.8,6000,14000,20000,37
518,PIEDEMONTE,Sector Porfia,4.0835,-73.6237,10.8,6000,14000,20000,37
519,GRAMALOTE,Sector Porfia,4.1585,-73.6415,10.8,6000,14000,20000,37
520,SAMAN DE LA RIVERA,Sector Porfia,4.0784,-73.6233,10.8,6000,14000,20000,37
521,LA CUNCIA,Sector Porfia,4.0857,-73.6214,10.8,6000,14000,20000,37
522,JUAN PABLO,Sector Salida Puerto Lopez,4.1525,-73.6382,8.7,6000,11000,17000,31
523,CONDOMINIO BOSQUE DE,Sector Salida Puerto Lopez,4.1506,-73.6296,8.7,6000,11000,17000,31
524,PROVIDENCIA,Sector Salida Puerto Lopez,4.1461,-73.6346,8.7,6000,11000,17000,31
525,MOTEL MEDIA LUNA,Sector Salida Puerto Lopez,4.1462,-73.6387,8.0,6000,10000,16000,30
526,PARCELAS DE SAN CARLOS,Vereda Barcelona,4.1487,-73.6216,9.4,6000,12000,18000,33
527,QUINTAS DE SANTA ANA,Vereda Barcelona,4.1498,-73.6261,9.4,6000,12000,18000,33
528,Página 585,Vereda Barcelona,4.1465,-73.6292,9.4,6000,12000,18000,33
529,BALMORAL,Vereda Barcelona,4.1445,-73.6253,9.4,6000,12000,18000,33
530,CONDOMINIO MONTEMADERO,Vereda Barcelona,4.1507,-73.6282,9.4,6000,12000,18000,33
531,UNIVERSIDAD ANTONIO,Vereda Barcelona,4.1505,-73.6237,9.4,6000,12000,18000,33
532,NARIÑO,Vereda Barcelona,4.1463,-73.623,9.4,6000,12000,18000,33
533,CAMINOS DEL MEDITERRANEO,Vereda Barcelona,4.1461,-73.625,9.4,6000,12000,18000,33
534,BARU,Vereda Barcelona,4.149,-73.6238,9.4,6000,12000,18000,33
535,BARQUITOS,Vereda Barcelona,4.1432,-73.629,9.4,6000,12000,18000,33
536,LA FUERZA AERIA,Vereda Barcelona,4.1437,-73.6266,9.4,6000,12000,18000,33
537,CUARTA DEVISION DEL,Vereda Barcelona,4.1449,-73.6213,9.4,6000,12000,18000,33
538,EJERCITO,Vereda Barcelona,4.1427,-73.6247,9.4,6000,12000,18000,33
539,VILLA SUIZA,Vereda Barcelona,4.1483,-73.6242,9.4,6000,12000,18000,33
540,UNIVERSIDAD LOS LLANOS,Vereda Barcelona,4.1474,-73.6213,9.4,6000,12000,18000,33
541,BARCELONA,Vereda Barcelona,4.147,-73.626,9.4,6000,12000,18000,33
542,HACHON SENA,Vereda Barcelona,4.1456,-73.6213,9.4,6000,12000,18000,33
543,AEROPUERTO VANGUARDIA,Sector Salida Restrepo,4.168,-73.622,5.9,6000,7000,13000,24
544,POSO AZUL,Vereda Vanguardia,4.1688,-73.6231,5.2,6000,6000,12000,23
545,ALDEA LA AURORA,Vereda Vanguardia,4.1713,-73.6234,5.2,6000,6000,12000,23
546,VIA ANTIGUA RESTREPO,Vereda Vanguardia,4.17,-73.6216,5.2,6000,6000,12000,23
547,LA BENDITA,Vereda Vanguardia,4.168,-73.6172,5.2,6000,6000,12000,23
548,AVEMARIA,Vereda Vanguardia,4.1638,-73.6268,5.2,6000,6000,12000,23
549,CANCHAS,Vereda Vanguardia,4.1691,-73.6187,5.2,6000,6000,12000,23
550,SOCCER,Vereda Vanguardia,4.1707,-73.6186,5.2,6000,6000,12000,23
551,CONDOMINIO,Vereda Vanguardia,4.1726,-73.6266,5.2,6000,6000,12000,23
552,SANRA,Vereda Vanguardia,4.1717,-73.6265,5.2,6000,6000,12000,23
553,BARBARA,Vereda Vanguardia,4.1652,-73.6238,5.2,6000,6000,12000,23
554,HOGAR GERRIATRICO DIVINO,Vereda Vanguardia,4.1652,-73.6205,5.2,6000,6000,12000,23
555,NIÑO JESUS,Vereda Vanguardia,4.1702,-73.6265,5.2,6000,6000,12000,23
556,LA CHORRERA,Vereda Vanguardia,4.1669,-73.6179,5.2,6000,6000,12000,23
557,CONDOMINIO SANTA BARBARA,Vereda Vanguardia,4.1643,-73.6204,5.2,6000,6000,12000,23
558,HOTEL HERRADURO,Vereda Vanguardia,4.1666,-73.6227,5.2,6000,6000,12000,23
559,MOTEL HOLLYWOO,Vereda Vanguardia,4.171,-73.6175,5.2,6000,6000,12000,23
560,Página 586,Vereda Argentina,4.1468,-73.6385,5.9,6000,7000,13000,24
561,HOTEL VANGUARDIA,Vereda Argentina,4.168,-73.622,5.9,6000,7000,13000,24
562,CONDOMINIO SALAMANCA,Vereda Argentina,4.145,-73.6377,5.9,6000,7000,13000,24
563,PARQUE OCARROS,Vereda Argentina,4.1505,-73.6364,5.9,6000,7000,13000,24
564,CEMENTERIO JARDINES DEL,Vereda Argentina,4.1537,-73.6366,5.9,6000,7000,13000,24
565,LLANO,Vereda Argentina,4.09,-73.585,5.9,6000,7000,13000,24
566,CONDOMINIO FLOR MURADO,Vereda Argentina,4.1511,-73.6366,5.9,6000,7000,13000,24
567,CONDOMINIO LOS ALPES,Vereda Argentina,4.1452,-73.6321,5.9,6000,7000,13000,24
568,PEAJE PUENTE AMARILLO,Vereda Argentina,4.1454,-73.6299,5.9,6000,7000,13000,24
569,PALMA REAL,Vereda Argentina,4.1488,-73.6381,5.9,6000,7000,13000,24
570,RESTREPO,Vereda Argentina,4.152,-73.6347,5.9,6000,7000,13000,24
571,RESERVA SAN NICOLAS,Vereda Cairo,4.1483,-73.6345,9.4,6000,12000,18000,33
572,VILLAS DEL SANTUARIO CAIRO,Vereda Cairo,4.1503,-73.6326,9.4,6000,12000,18000,33
573,CONDOMINIO CAMPRESTE,Vereda Cairo,4.1439,-73.6329,9.4,6000,12000,18000,33
574,ENTRE LAGOS,Vereda Cairo,4.1457,-73.6303,9.4,6000,12000,18000,33
575,CONDOMINIO SAN BASILIO,Vereda Cairo,4.149,-73.629,9.4,6000,12000,18000,33
576,CAIRO,Vereda Cairo,4.1533,-73.6348,9.4,6000,12000,18000,33
577,CONJUNTO LA CASTELLANA,Vereda Cairo,4.144,-73.6344,9.4,6000,12000,18000,33
578,GIMNACIO LOS OCOBOS CAIRO,Vereda Cairo,4.1477,-73.6387,9.4,6000,12000,18000,33
579,CONDOMIO TIERRA DEL SOL,Vereda Cairo,4.1525,-73.6383,9.4,6000,12000,18000,33
580,CONDOMINIO LA QUINTA,Vereda Cairo,4.1455,-73.6332,9.4,6000,12000,18000,33
581,CONJUNTO SAN ANGEL CAIRO,Vereda Cairo,4.1514,-73.6369,9.4,6000,12000,18000,33
582,RESERVAS DEL CAIRO,Vereda Cairo,4.1523,-73.6377,9.4,6000,12000,18000,33
583,VILLAS DEL CAIRO,Vereda Cairo,4.1444,-73.6369,9.4,6000,12000,18000,33
584,CONDOMINIO LA PRIMAVERA,Vereda Cairo,4.1483,-73.6341,9.4,6000,12000,18000,33
585,CENTRO COMERCIAL UNICO,Centros Comeciales,4.1488,-73.6339,5.2,6000,6000,12000,23
586,LLANOCENTRO,Centros Comeciales,4.141,-73.6362,5.2,6000,6000,12000,23
587,VILLACENTRO,Centros Comeciales,4.1395,-73.6355,5.2,6000,6000,12000,23
588,Página 587,Centros Comeciales,4.1488,-73.6372,4.5,6000,5000,11000,21
589,UNICENTRO,Centros Comeciales,4.138,-73.6345,4.5,6000,5000,11000,21
590,CONTRO COMERCIAL VIVA,Centros Comeciales,4.134,-73.636,5.2,6000,6000,12000,23
591,PRIMAVERA URBANA,Centros Comeciales,4.1365,-73.637,5.2,6000,6000,12000,23
592,CENTRO COMERCIAL LA,Centros Comeciales,4.1488,-73.6339,5.2,6000,6000,12000,23
593,HACIENDA,Centros Comeciales,4.148,-73.6372,5.2,6000,6000,12000,23
594,MARANDUA,Centros Comeciales,4.1479,-73.6307,5.2,6000,6000,12000,23
595,CENTRO COMERCILA VILLA,Centros Comeciales,4.1488,-73.6339,5.2,6000,6000,12000,23
596,JULIA,Centros Comeciales,4.15,-73.6341,5.2,6000,6000,12000,23
597,PARQUE CENTRAL,Sector Centro,4.1445,-73.6342,3.1,6000,3000,9000,17
598,CELLE DE FLORESTERIAS,Sector Centro,4.1466,-73.6331,3.1,6000,3000,9000,17
599,PAQUE DE LOS ESTIDIANTE,Sector Centro,4.15,-73.6315,3.1,6000,3000,9000,17
600,PARQUE DE BANDERAS,Sector Centro,4.1528,-73.6291,3.1,6000,3000,9000,17
601,SANI SIDRO,Sector Centro,4.146,-73.6303,3.1,6000,3000,9000,17
602,VILLA JULIA,Sector Centro,4.1527,-73.6305,3.1,6000,3000,9000,17
603,ÉXITO CENTRO,Sector Centro,4.1488,-73.6339,3.1,6000,3000,9000,17
604,MARANDUO CENTRO,Sector Centro,4.1488,-73.6339,3.1,6000,3000,9000,17
605,PARQUE DE LA CRUZ,Sector Centro,4.155,-73.639,3.1,6000,3000,9000,17
606,PLAZA LIBERTADORES,Sector Centro,4.1501,-73.6304,3.1,6000,3000,9000,17
607,PARQUE INFANTIAL,Sector Centro,4.1531,-73.6373,3.1,6000,3000,9000,17
608,CRUZ ROJA,Sector Centro,4.1445,-73.633,3.1,6000,3000,9000,17
609,HOTEL BAHIA,Sector Hotelero Via Maracos,4.1472,-73.6326,5.2,6000,6000,12000,23
610,HOTEL JUANCHO,Sector Hotelero Via Maracos,4.1523,-73.6351,5.2,6000,6000,12000,23
611,HOTEL ORIENTE PLAZA,Sector Hotelero Via Maracos,4.146,-73.6309,5.2,6000,6000,12000,23
612,HOTEL VILLA JOHANA,Sector Hotelero Via Maracos,4.1445,-73.6298,5.2,6000,6000,12000,23
613,HOTEL MORICHAL PLAZA,Sector Hotelero Via Maracos,4.1095,-73.607,5.2,6000,6000,12000,23
614,HOTEL LLANO LINDO,Sector Hotelero Via Maracos,4.1438,-73.6373,5.2,6000,6000,12000,23
615,HOTEL ARIARI AZUL,Sector Hotelero Via Maracos,4.1461,-73.6357,5.2,6000,6000,12000,23
616,HOTEL RUBIALES,Sector Hotelero Via Maracos,4.1489,-73.6296,5.2,6000,6000,12000,23
617,HOTEL EL TERMINAL,Sector Hotelero Via Maracos,4.128,-73.629,5.2,6000,6000,12000,23
618,HOTEL CAMELIAS,Sector Hotelero Via Maracos,4.1458,-73.6341,5.2,6000,6000,12000,23
619,HOTEL ALCARAVAN REAL,Sector Hotelero Via Maracos,4.1491,-73.6339,5.2,6000,6000,12000,23
620,REY DAVID,Sector Hotelero Via Maracos,4.1491,-73.6294,5.2,6000,6000,12000,23
621,COLONIAL,Sector Hotelero Via Maracos,4.1463,-73.6365,5.2,6000,6000,12000,23
622,HOTEL HEIDI,Sector Hotelero Via Maracos,4.1484,-73.6292,5.2,6000,6000,12000,23
623,HOTEL CAQUECEÑO,Sector Hotelero Via Maracos,4.1504,-73.6332,5.2,6000,6000,12000,23
624,HOTEL MAMÁ,Sector Hotelero Via Maracos,4.1531,-73.6301,5.2,6000,6000,12000,23
625,Página 588,Sector Hotelero Centro,4.1508,-73.6349,3.1,6000,3000,9000,17
626,HOTEL ESTAMPA LLANERA,Sector Hotelero Centro,4.15,-73.6364,3.1,6000,3000,9000,17
627,HOTEL SHA,Sector Hotelero Centro,4.1507,-73.6321,3.1,6000,3000,9000,17
628,HOTEL OLAM,Sector Hotelero Centro,4.1456,-73.6315,3.1,6000,3000,9000,17
629,HOTEL CAYENA,Sector Hotelero Centro,4.1536,-73.6338,3.1,6000,3000,9000,17
630,HOTEL CARIMAGUA,Sector Hotelero Centro,4.1491,-73.6322,3.1,6000,3000,9000,17
631,HOTEL NAPOLITANO,Sector Hotelero Centro,4.1469,-73.6355,3.1,6000,3000,9000,17
632,HOTEL SOL DEL LLANO,Sector Hotelero Centro,4.1523,-73.6341,3.1,6000,3000,9000,17
633,HOTEL GRAN RESERVA,Sector Hotelero Centro,4.1502,-73.6341,3.1,6000,3000,9000,17
634,HOTEL VVC,Sector Hotelero Centro,4.1505,-73.6349,3.1,6000,3000,9000,17
635,HOTEL CENTAUROS,Sector Hotelero Centro,4.151,-73.6309,3.1,6000,3000,9000,17
636,HOTEL SERRANIA REAL,Sector Hotelero Centro,4.1453,-73.6387,3.1,6000,3000,9000,17
637,HOTEL INAMBU,Sector Hotelero Centro,4.1518,-73.6377,3.1,6000,3000,9000,17
638,HOTEL SOL DORADO,Sector Hotelero Centro,4.1494,-73.631,3.1,6000,3000,9000,17
639,HOTEL PALMA REAL,Sector Hotelero Centro,4.1492,-73.635,3.1,6000,3000,9000,17
640,HOTEL CAPRI,Sector Hotelero Centro,4.1501,-73.6365,3.1,6000,3000,9000,17
641,HOTEL SANTA ISABEK,Sector Hotelero Centro,4.1464,-73.6376,3.1,6000,3000,9000,17
642,HOTEL LA GARZA ROJO,Sector Hotelero Centro,4.1535,-73.638,3.1,6000,3000,9000,17
643,HOTEL COLINAS DEL LLANO,Sector Hotelero Centro,4.1444,-73.6351,3.1,6000,3000,9000,17
644,HOTEL VILLA JULIANA,Sector Hotelero Centro,4.1471,-73.6309,3.1,6000,3000,9000,17
645,HOTEL TRAVEL BLUE,Sector Hotelero Centro,4.1479,-73.634,3.1,6000,3000,9000,17
646,HOTEL CIELOS ABIERTOS,Sector Hotelero Centro,4.1517,-73.6372,3.1,6000,3000,9000,17
647,HOTEL MARIA DANNY,Sector Hotelero Centro,4.1472,-73.6291,3.1,6000,3000,9000,17
648,HOTEL PLAZA GAVAN,Sector Hotelero Centro,4.1481,-73.6386,3.1,6000,3000,9000,17
649,HOTEL ARBOLEDAS PLAZA,Sector Hotelero Llano Lindo,4.1443,-73.629,5.2,6000,6000,12000,23
650,HOTEL OBELISCO LLANERO,Sector Hotelero Llano Lindo,4.1512,-73.6339,5.2,6000,6000,12000,23
651,HOTEL SANTI,Sector Hotelero Llano Lindo,4.1457,-73.6347,5.2,6000,6000,12000,23
652,HOTEL VIMAR,Sector Hotelero Llano Lindo,4.1446,-73.6359,5.2,6000,6000,12000,23
653,HOTEL SOLEV,Sector Hotelero Llano Lindo,4.1477,-73.6346,5.2,6000,6000,12000,23
654,HOTEL LIDER DEL LLANO,Sector Hotelero Llano Lindo,4.1511,-73.6319,5.2,6000,6000,12000,23
655,HOTEL ALAMEDA,Sector Hotelero Llano Lindo,4.1463,-73.6373,5.2,6000,6000,12000,23
656,HOTEL SAN IGNACIO,Sector Hotelero Llano Lindo,4.1531,-73.6336,5.2,6000,6000,12000,23
657,HOTEL MI LLANO,Sector Hotelero Llano Lindo,4.1511,-73.6379,5.2,6000,6000,12000,23
658,HOTEL POTRILLOS,Sector Hotelero Llano Lindo,4.1441,-73.6356,5.2,6000,6000,12000,23
659,HOTEL GHL,Sector Hotelero Barsal,4.1486,-73.6372,3.8,6000,4000,10000,19
660,HOTEL DON LOLO,Sector Hotelero Barsal,4.1527,-73.6367,3.8,6000,4000,10000,19
661,HOTEL ROYAL PLAZA,Sector Hotelero Barsal,4.1509,-73.6383,3.8,6000,4000,10000,19
662,Página 589,Sector Hotelero Barsal,4.1473,-73.6334,3.8,6000,4000,10000,19
663,HOTEL CASA CAMAO,Sector Hotelero Barsal,4.1457,-73.6298,3.8,6000,4000,10000,19
664,HOTEK MARIA GLORIA,Sector Hotelero Barsal,4.1501,-73.6343,3.8,6000,4000,10000,19
665,HOTEL EL DORADO,Sector Hotelero Barsal,4.1515,-73.6383,3.8,6000,4000,10000,19
666,HOTEL VHERATTI,Sector Hotelero Barsal,4.1515,-73.6294,3.8,6000,4000,10000,19
667,HOTEL CAIMITO,Sector Hotelero Barsal,4.1496,-73.6349,3.8,6000,4000,10000,19
668,HOTEL IGUAZU,Sector Hotelero Barsal,4.1529,-73.6296,3.8,6000,4000,10000,19
669,HOTEL UNICENTRO,Sector Hotelero Barsal,4.1488,-73.6339,3.8,6000,4000,10000,19
670,MOTEL PASHA,Sector Moteles,4.1503,-73.6299,3.8,6000,4000,10000,19
671,MOTEL TU Y YO,Sector Moteles,4.1441,-73.6316,3.8,6000,4000,10000,19
672,MOTEL CASABLANCA,Sector Moteles,4.1482,-73.6314,3.8,6000,4000,10000,19
673,MOTEL CUPIDO,Sector Moteles,4.1462,-73.6331,3.8,6000,4000,10000,19
674,MOTEL OCOA,Sector Moteles,4.1511,-73.632,3.8,6000,4000,10000,19
675,MOTEL TANTRA,Sector Moteles,4.1442,-73.6341,3.8,6000,4000,10000,19
676,MOTEL ZEUS,Sector Moteles,4.146,-73.6382,3.8,6000,4000,10000,19
677,UNIVERSIDAD DE LOS LLANOS,Sector Universidades,4.1516,-73.6375,12.2,6000,16000,22000,40
678,UNIVERSIDAD UNIMETA,Sector Universidades,4.1485,-73.6339,3.1,6000,3000,9000,17
679,UNIVERSIDAD COOPERTIVA,Sector Universidades,4.1487,-73.6309,3.8,6000,4000,10000,19
680,BARSAL BAJO,Sector Universidades,4.1476,-73.6348,3.8,6000,4000,10000,19
681,UNIVERSIDAD SANTO TOMAS,Sector Universidades,4.1487,-73.6354,3.8,6000,4000,10000,19
682,NARIÑO CECILIA,Sector Universidades,4.1535,-73.6355,3.8,6000,4000,10000,19
683,COLEGIO LA SALLE,Sector De Colegios,4.1529,-73.6294,3.1,6000,3000,9000,17
684,COLEGIO SAGRADO CORAZON,Sector De Colegios,4.1517,-73.6295,3.1,6000,3000,9000,17
685,COLEGIO BILINGUAL ESPIRITU,Sector De Colegios,4.1525,-73.6319,3.1,6000,3000,9000,17
686,SANTO,Sector De Colegios,4.1521,-73.6379,3.1,6000,3000,9000,17
687,OXFORD BILINGUAL SCHOOL,Sector De Colegios,4.1492,-73.6354,3.1,6000,3000,9000,17
688,Página 590,Sector De Colegios,4.1525,-73.6378,7.3,6000,9000,15000,28
689,COLEGIO LICEO MAYOR,Sector De Colegios,4.1455,-73.6319,7.3,6000,9000,15000,28
690,COLEGIO COFREM,Sector De Colegios,4.1488,-73.6298,7.3,6000,9000,15000,28
691,COLEGIO NEIL ARMSTRONG,Sector De Colegios,4.1487,-73.6303,7.3,6000,9000,15000,28
692,GIMNASIO CAMPESTRE EL,Sector De Colegios,4.1504,-73.6342,7.3,6000,9000,15000,28
693,BOSQUE BUQUE,Sector De Colegios,4.135,-73.642,7.3,6000,9000,15000,28
694,INSTITUCION EDUCATIVA,Sector De Colegios,4.1497,-73.6341,7.3,6000,9000,15000,28
695,LICEO CREADORES,Sector De Colegios,4.1491,-73.6321,7.3,6000,9000,15000,28
696,COLEGIO GUILLERMO ESTERO,Sector De Colegios,4.143,-73.615,4.5,6000,5000,11000,21
697,GIMNASIO INFANTIL LA TATA,Sector De Colegios,4.1495,-73.6374,4.5,6000,5000,11000,21
698,COLEGIO SAN GABRIEL,Sector De Colegios,4.1455,-73.6295,4.5,6000,5000,11000,21
699,COLEGIO ANTONIO NARIÑO,Sector De Colegios,4.1462,-73.6315,4.5,6000,5000,11000,21
700,COLEGIO DEPARTAMENTAL LA,Sector De Colegios,4.146,-73.6337,4.5,6000,5000,11000,21
701,ESPERANZA,Sector De Colegios,4.1509,-73.6375,4.5,6000,5000,11000,21
702,COLEGIO JUAN PABLO II,Sector De Colegios,4.1506,-73.6345,8.7,6000,11000,17000,31
703,INSTITUCION ANTONIO,Sector De Colegios,4.1468,-73.631,8.7,6000,11000,17000,31
704,RICAUTE CASD,Sector De Colegios,4.1524,-73.629,8.7,6000,11000,17000,31
705,INSTITUTO TECNICO,Sector De Colegios,4.1494,-73.6299,8.7,6000,11000,17000,31
706,COLEGIO MATUS,Sector De Colegios,4.1446,-73.632,3.8,6000,4000,10000,19
707,COLEGIO EDUARDO CARRANZA,Sector De Colegios,4.1527,-73.6342,3.8,6000,4000,10000,19
708,COLEGIO MANUELA BELTRAN,Sector De Colegios,4.1447,-73.635,4.5,6000,5000,11000,21
709,COLEGIO PEQUEÑOS GIGANTES,Sector De Colegios,4.1513,-73.6379,3.1,6000,3000,9000,17
710,COLEGIO NUESTRA SEÑORA,Sector De Colegios,4.148,-73.631,3.1,6000,3000,9000,17
711,DEL,Sector De Colegios,4.1342,-73.6428,3.1,6000,3000,9000,17
712,CARMEN EDUCATIVA,Sector De Colegios,4.1444,-73.6359,3.1,6000,3000,9000,17
713,INSTITUCION,Sector De Colegios,4.151,-73.6371,3.1,6000,3000,9000,17
714,INEM,Sector De Colegios,4.1466,-73.6333,3.1,6000,3000,9000,17
715,COLEGIO CLARENTINO,Sector De Colegios,4.152,-73.6377,3.1,6000,3000,9000,17
716,COLEGIO GUATIQUIA,Sector De Colegios,4.151,-73.6354,3.1,6000,3000,9000,17
717,COLEGIO TRAVESURAS,Sector De Colegios,4.1521,-73.6369,3.1,6000,3000,9000,17
718,COLEGIO FRANCISCO JOSE DE,Sector De Colegios,4.1445,-73.6341,3.1,6000,3000,9000,17
719,CALDAS,Sector De Colegios,4.144,-73.6355,3.1,6000,3000,9000,17
720,COLEGIO JOHN F KENNDY,Sector De Colegios,4.1524,-73.6331,3.1,6000,3000,9000,17
721,Página 591,Sector De Colegios,4.1471,-73.635,3.8,6000,4000,10000,19
722,COLEGIO ABRAHAM LINCOLN,Sector De Colegios,4.1454,-73.6375,3.8,6000,4000,10000,19
723,COLEGIO FEMENINO,Sector De Colegios,4.1508,-73.6299,3.8,6000,4000,10000,19
724,COLEGIO INDUSTRIAL,Sector De Colegios,4.1451,-73.6315,3.8,6000,4000,10000,19
725,COLEGIO ADVENTISTA,Sector De Colegios,4.1533,-73.6297,3.8,6000,4000,10000,19
726,COLEGIO PENIEL,Sector De Colegios,4.1537,-73.6324,3.8,6000,4000,10000,19
727,COLEGIO CERVANTES,Sector De Colegios,4.1511,-73.632,3.8,6000,4000,10000,19
728,SAAVEDRA,Sector De Colegios,4.1534,-73.6382,3.8,6000,4000,10000,19
729,COLEGIO SAN FRANCISCO DE,Sector De Colegios,4.1443,-73.6348,3.8,6000,4000,10000,19
730,ASIS,Sector De Colegios,4.1464,-73.6324,3.8,6000,4000,10000,19
731,COLEGIO SIES DE ABRIL,Sector De Colegios,4.1492,-73.6377,3.8,6000,4000,10000,19
732,PAQUE FUNDADORES,Sector Parques,4.1504,-73.6307,5.2,6000,6000,12000,23
733,PARQUE MI LLANURA,Sector Parques,4.1481,-73.6296,5.2,6000,6000,12000,23
734,PARQUE DE LA VIDA COFREM,Sector Parques,4.1486,-73.6345,5.2,6000,6000,12000,23
735,PARQUE DEL HACHA,Sector Parques,4.1497,-73.6307,5.2,6000,6000,12000,23
736,PARQUE DE LAS BANDERAS,Sector Parques,4.1526,-73.6312,5.2,6000,6000,12000,23
737,PARQUE DE LOS ESTUDIANTES,Sector Parques,4.1475,-73.63,5.2,6000,6000,12000,23
738,PARQUE INFANTIL,Sector Parques,4.1505,-73.635,5.2,6000,6000,12000,23
739,PARQUE DEL AGUA,Sector Parques,4.1465,-73.6343,5.2,6000,6000,12000,23
740,PARQUE GUAYURIBA,Sector Parques,4.144,-73.6328,5.2,6000,6000,12000,23
741,PARUQE DEL SIKUANI,Sector Parques,4.1465,-73.6379,5.2,6000,6000,12000,23
742,PARQUES DE LOS ARTESANOS,Sector Parques,4.1525,-73.6385,5.2,6000,6000,12000,23
743,ENTEIDADES PUBLICAS,Sector Parques,4.1485,-73.6355,3.1,6000,3000,9000,17
744,GOBERNACION DEL META,Sector Parques,4.1476,-73.6337,3.1,6000,3000,9000,17
745,ALCALDIA DE VILLAVICEMCIO,Sector Parques,4.1502,-73.6367,3.1,6000,3000,9000,17
746,CONCEJO MUNICIPAL,Sector Parques,4.1535,-73.6308,3.1,6000,3000,9000,17
747,DIAN,Sector Parques,4.1448,-73.6347,3.1,6000,3000,9000,17
748,COMARA DE COMERCIO,Sector Parques,4.1453,-73.6369,3.1,6000,3000,9000,17
749,REGISTRADURIA,Sector Parques,4.1449,-73.6383,3.1,6000,3000,9000,17
750,Página 592,Sector Parques,4.1444,-73.6377,3.8,6000,4000,10000,19
751,PERSONERIA,Sector Parques,4.144,-73.6309,3.8,6000,4000,10000,19
752,CONTRALORIA,Sector Parques,4.1513,-73.6375,3.8,6000,4000,10000,19
753,INSTITUTO DE TURISMO,Sector Parques,4.1468,-73.6349,3.8,6000,4000,10000,19
754,INSTITUTO DE DEPORTES Y,Sector Parques,4.1453,-73.6329,3.8,6000,4000,10000,19
755,RECREACION,Sector Parques,4.1524,-73.634,3.8,6000,4000,10000,19
756,SITIOS TURISTICOS Y DE RECREACION,Sector Parques,4.1533,-73.6384,10.8,6000,14000,20000,37
757,MIRADOR PIEDRA DEL AMOR,Sector Parques,4.1522,-73.6354,10.8,6000,14000,20000,37
758,MIRADOR LAS GUACHARACAS,Sector Parques,4.1446,-73.6339,10.8,6000,14000,20000,37
759,MIRADOR ALBOR,Sector Parques,4.1454,-73.6329,10.8,6000,14000,20000,37
760,MIRADOR DON YO,Sector Parques,4.148,-73.6295,10.8,6000,14000,20000,37
761,MIRADOR HUMADEA,Sector Parques,4.1523,-73.6357,10.8,6000,14000,20000,37
762,MIRADOR LAS ARPAS,Sector Parques,4.1447,-73.6318,10.8,6000,14000,20000,37
763,PARQUE LAS MALOCAS,Sector Parques,4.1481,-73.6294,10.8,6000,14000,20000,37
764,CRISTO REY,Sector Parques,4.1476,-73.6322,10.8,6000,14000,20000,37
765,RESTAUTES,Sector Parques,4.1448,-73.6351,3.1,6000,3000,9000,17
766,PALCIO DE LOS JUGOS,Sector Parques,4.149,-73.6348,3.1,6000,3000,9000,17
767,FOOD TRUCK PARK,Sector Parques,4.1532,-73.6302,3.1,6000,3000,9000,17
768,SIPOTE MALTIADA,Sector Parques,4.1517,-73.6355,3.1,6000,3000,9000,17
769,RESTAUTE LALA,Sector Parques,4.1529,-73.6356,3.1,6000,3000,9000,17
770,LA POSADA DEL ARRIERO,Sector Parques,4.1517,-73.6306,3.1,6000,3000,9000,17
771,LIMONCELLO PIZZERIA,Sector Parques,4.1448,-73.6309,3.1,6000,3000,9000,17
772,FRUTOS DEL MAR,Sector Parques,4.1441,-73.6336,3.1,6000,3000,9000,17
773,LA COFRADIA,Sector Parques,4.1493,-73.6383,3.1,6000,3000,9000,17
774,KOI SUCHI,Sector Parques,4.1509,-73.6329,3.1,6000,3000,9000,17
775,DONDE RIAÑOS,Sector Parques,4.1484,-73.6369,3.1,6000,3000,9000,17
776,LA BUCARAMANIA,Sector Parques,4.1488,-73.6317,3.1,6000,3000,9000,17
777,ASADERO LA TOPOCHERA,Sector Parques,4.1482,-73.6299,3.1,6000,3000,9000,17
778,EL AMARRDERO DEL MICO,Sector Parques,4.1477,-73.6311,3.1,6000,3000,9000,17
779,GUANAJUATO,Sector Parques,4.1496,-73.6319,3.1,6000,3000,9000,17
780,PENJAUS PAISA PRIMAVERA,Sector Parques,4.1535,-73.6324,3.1,6000,3000,9000,17
781,URBANA,Sector Parques,4.1365,-73.637,3.1,6000,3000,9000,17
782,Página 593,Sector Parques,4.146,-73.6306,3.1,6000,3000,9000,17
783,PENJAUS PAISA PARQUE,Sector Parques,4.1449,-73.6325,3.1,6000,3000,9000,17
784,INFANTIL,Sector Parques,4.1505,-73.635,3.1,6000,3000,9000,17
785,EL CABRESTERO,Sector Parques,4.143,-73.615,3.1,6000,3000,9000,17
786,RESTAURENRE A1,Sector Parques,4.1487,-73.6323,3.1,6000,3000,9000,17
787,RESTAURENRE LOVE,Sector Parques,4.1504,-73.6291,3.1,6000,3000,9000,17
788,MONCHE COCINA PERUANA,Sector Parques,4.1506,-73.6298,3.1,6000,3000,9000,17
789,TERRAZAS VVC BISTRO,Sector Parques,4.149,-73.6364,3.1,6000,3000,9000,17
790,BANCOLOMBIA CENTRO,Sector Bancario Del Centro,4.1488,-73.6339,3.1,6000,3000,9000,17
791,BANCO BOGOTA CENTRO,Sector Bancario Del Centro,4.1488,-73.6339,3.1,6000,3000,9000,17
792,CONCO AV,Sector Bancario Del Centro,4.1452,-73.6303,3.1,6000,3000,9000,17
793,CENTRO,Sector Bancario Del Centro,4.1488,-73.6339,3.1,6000,3000,9000,17
794,BANCO,Sector Bancario Del Centro,4.1514,-73.6327,3.1,6000,3000,9000,17
795,DE VILLAS,Sector Bancario Del Centro,4.1463,-73.632,3.1,6000,3000,9000,17
796,OCCIDENTE,Sector Bancario Del Centro,4.1465,-73.6335,3.1,6000,3000,9000,17
797,BANCO DE VIVIENDA CENTRO,Sector Bancario Del Centro,4.1488,-73.6339,3.1,6000,3000,9000,17
798,BANCO AGRARIO CENTRO,Sector Bancario Del Centro,4.1488,-73.6339,3.1,6000,3000,9000,17
799,BANCO BBVA CENTRO,Sector Bancario Del Centro,4.1488,-73.6339,3.1,6000,3000,9000,17
800,BANCO POPULAR CENTRO,Sector Bancario Del Centro,4.1488,-73.6339,3.1,6000,3000,9000,17
801,BANCO CAJA SOCIAL CENTRO,Sector Bancario Del Centro,4.1488,-73.6339,3.1,6000,3000,9000,17
802,BANCO COLPATRIA CENTRO,Sector Bancario Del Centro,4.1488,-73.6339,3.1,6000,3000,9000,17
803,BANCO FALABELLA,Sector Bancario Del Centro,4.1474,-73.6319,3.1,6000,3000,9000,17
804,BANCO PINCHINCHA,Sector Bancario Del Centro,4.1535,-73.6307,3.1,6000,3000,9000,17
805,BANCOOMEVA,Sector Bancario Del Centro,4.153,-73.6338,3.1,6000,3000,9000,17
806,BANCO MUNDO MUJER,Sector Bancario Del Centro,4.1454,-73.6339,3.1,6000,3000,9000,17
