sector,barrio,tarifa_base,recargo_distancia,tarifa_total
SECTOR GENERAL,CEIBA,7000,0,7000
SECTOR GENERAL,CEDRITOS,7000,0,7000
SECTOR GENERAL,BOSQUE BAJO,7000,0,7000
SECTOR GENERAL,SAUCES,7000,0,7000
SECTOR GENERAL,ROSALES,7000,0,7000
SECTOR GENERAL,CONJUNTO LLANO GRANDE,7000,0,7000
SECTOR GENERAL,COJUNTO SANTA LUCIA,7000,0,7000
SECTOR GENERAL,COJUNTO BARCELONA,7000,0,7000
SECTOR GENERAL,CONDOMINIO ROSALES,7000,0,7000
SECTOR GENERAL,POPULAR,7000,0,7000
SECTOR GENERAL,DOS MIL BAJO,7000,0,7000
SECTOR GENERAL,DOS MIL ALTO,7000,0,7000
SECTOR GENERAL,BAMBU,7000,0,7000
SECTOR GENERAL,SANTA HELENA,7000,0,7000
SECTOR GENERAL,JORDAN,8000,0,8000
SECTOR GENERAL,JORDAN PARAISO,8000,0,8000
SECTOR GENERAL,COFREN CATAMA,8000,0,8000
SECTOR GENERAL,PUESTO DE SALUD RECREO,7000,0,7000
SECTOR GENERAL,ALCALA,7000,0,7000
SECTOR GENERAL,FLORENCIA,7000,0,7000
SECTOR GENERAL,DESMONTADORA,7000,0,7000
SECTOR GENERAL,CAMINO REAL,7000,0,7000
SECTOR GENERAL,VILLA CRISTINA,7000,0,7000
SECTOR GENERAL,CASTILLA,7000,0,7000
SECTOR GENERAL,VAINILLA,8000,0,8000
SECTOR GENERAL,CARCEL,8000,0,8000
SECTOR GENERAL,RECREO,7000,0,7000
SECTOR GENERAL,SEIS  DE ABRIL,7000,0,7000
SECTOR GENERAL,OLIMPICA,7000,0,7000
SECTOR GENERAL,MANANTIAL,8000,0,8000
SECTOR GENERAL,HIERBABUENA,8000,0,8000
SECTOR GENERAL,JORDAN ALTO,7000,0,7000
SECTOR GENERAL,SAN LUIS,7000,0,7000
SECTOR GENERAL,TRANSITO Y ACUEDUCTO,7000,0,7000
SECTOR GENERAL,MADRIGAL,7000,0,7000
SECTOR GENERAL,VILLA FABIOLA,7000,0,7000
SECTOR GENERAL,"CONJUNTO CAMINO REAL (1,2,3,4)",8000,0,8000
SECTOR GENERAL,"PARQUES DE SEVILLA (1,2,3,4,)",8000,0,8000
SECTOR GENERAL,CONJUNTO TULIPANES,8000,0,8000
SECTOR GENERAL,CONJUNTO GIRASOLES,8000,0,8000
SECTOR GENERAL,CONJUNTO ALMERIA,8000,0,8000
SECTOR GENERAL,CONDOMINIO CRISTALES,8000,0,8000
SECTOR GENERAL,CONJUNTO PALAMA REAL,8000,0,8000
SECTOR GENERAL,ALTOS DE LOMALINDA,8000,0,8000
SECTOR GENERAL,COJUNTO VILLA KARINA,8000,0,8000
SECTOR GENERAL,CONJUNTO PRADOS DE CASTILLA,8000,0,8000
SECTOR GENERAL,EDIFICIO SANFERNANDO PLAZA,8000,0,8000
SECTOR GENERAL,PRADOS DE HIRBABUENA,8000,0,8000
SECTOR GENERAL,COJUNTO MALIBU,8000,0,8000
SECTOR GENERAL,BALCONES DE PONTEVEDRA,8000,0,8000
SECTOR GENERAL,ESTERO,8000,0,8000
SECTOR GENERAL,MACUNAIMA,9000,0,9000
SECTOR GENERAL,PARQUE DE LA MEMORIA,8000,0,8000
SECTOR GENERAL,MACARENA,8000,0,8000
SECTOR GENERAL,NOGAL,8000,0,8000
SECTOR GENERAL,SAN CRISTOBAL,8000,0,8000
SECTOR GENERAL,CAMELIAS,9000,0,9000
SECTOR GENERAL,OLIMPICO BAJO,9000,0,9000
SECTOR GENERAL,VILLA ORTIX,8000,0,8000
SECTOR GENERAL,OLIMPICO,8000,0,8000
SECTOR GENERAL,VILLA JHOANA,9000,0,9000
SECTOR GENERAL,CATALUÑA,9000,0,9000
SECTOR GENERAL,VILLA NIEVES,9000,0,9000
SECTOR GENERAL,DANUVIO,9000,0,9000
SECTOR GENERAL,GAUDALAJARA,9000,0,9000
SECTOR GENERAL,MARACOS,8000,0,8000
SECTOR GENERAL,MI LLANURA,9000,0,9000
SECTOR GENERAL,BELLO HORISONTE,8000,0,8000
SECTOR GENERAL,SAN INGNACIO,8000,0,8000
SECTOR GENERAL,"CANTARRANA 1,2,3,4,",8000,0,8000
SECTOR GENERAL,PARQUE LA LLNURA,8000,0,8000
SECTOR GENERAL,PARQUE SICUANI,8000,0,8000
SECTOR GENERAL,SAUSALITO,8000,0,8000
SECTOR GENERAL,BOCHICA,8000,0,8000
SECTOR GENERAL,CANAIMA,8000,0,8000
SECTOR GENERAL,PORTAL DEL CANAIMA,8000,0,8000
SECTOR GENERAL,SAN NISIDRO,9000,0,9000
SECTOR GENERAL,SANTA INES,9000,0,9000
SECTOR GENERAL,HOTEL ROSADO,9000,0,9000
SECTOR GENERAL,VILLA DEL SOL,9000,0,9000
SECTOR GENERAL,LA MORGUE,9000,0,9000
SECTOR GENERAL,SAN MARCOS,9000,0,9000
SECTOR GENERAL,CONJONTO TOSCANA,9000,0,9000
SECTOR GENERAL,QUINTAS DE TOSCANA,9000,0,9000
SECTOR GENERAL,FLORIDA,9000,0,9000
SECTOR GENERAL,NUEVA FLORESTA,8000,0,8000
SECTOR GENERAL,TEUSACA,9000,0,9000
SECTOR GENERAL,EMBUDO,9000,0,9000
SECTOR GENERAL,SANBENITO,9000,0,9000
SECTOR GENERAL,NUEVO RICAUTE,9000,0,9000
SECTOR GENERAL,PORVENIR,9000,0,9000
SECTOR GENERAL,VIENTE JULIO,8000,0,8000
SECTOR GENERAL,SIMON BOLIVAR,8000,0,8000
SECTOR GENERAL,ANTONIO RICAUTE,8000,0,8000
SECTOR GENERAL,BARRIO NOGALES,8000,0,8000
SECTOR GENERAL,CANEY,8000,0,8000
SECTOR GENERAL,BRISAS DEL CANEY,8000,0,8000
SECTOR GENERAL,AMARAL,8000,0,8000
SECTOR GENERAL,CATATUMBO,8000,0,8000
SECTOR GENERAL,RETIRO,8000,0,8000
SECTOR GENERAL,BUENOS AIRES,8000,0,8000
SECTOR GENERAL,REMANSO,8000,0,8000
SECTOR GENERAL,VIZCAYA,9000,0,9000
SECTOR GENERAL,HOTEL HACARITAMA,9000,0,9000
SECTOR GENERAL,CANCHA RACING,9000,0,9000
SECTOR GENERAL,HACARITAMA,9000,0,9000
SECTOR GENERAL,BARRIO PRIMAVERA,9000,0,9000
SECTOR GENERAL,PARQUE PRIMAVERA,9000,0,9000
SECTOR GENERAL,CIUDADELA EL DIVINO NIÑO,9000,0,9000
SECTOR GENERAL,LAS FERIAS,9000,0,9000
SECTOR GENERAL,GAITAN,9000,0,9000
SECTOR GENERAL,SAN GREGORIO,9000,0,9000
SECTOR CEREO UNO,SECTOR CEREO UNO,9000,0,9000
SECTOR CEREO UNO,MAIZARO,9000,0,9000
SECTOR CEREO UNO,"CONDOMINIO DUARY 1,2",9000,0,9000
SECTOR CEREO UNO,CERRO CAMPESTRE ALTO,9000,0,9000
SECTOR CEREO UNO,CERRO CAMPESTRE BAJO,9000,0,9000
SECTOR CEREO UNO,CONDOMINIO BOSQUES DE VIZCAYA,9000,0,9000
SECTOR CEREO UNO,CONDOMINIO PORTAL DEL MOLINO,9000,0,9000
SECTOR CEREO UNO,RESERVAS DEL VIZCAYA,9000,0,9000
SECTOR CEREO UNO,"CONJUNTO LOS ALMENDROS 1,2",9000,0,9000
SECTOR CEREO UNO,CAMINOS DE SEVILLA,9000,0,9000
SECTOR CEREO UNO,LLANO HERMOSO,9000,0,9000
SECTOR CEREO UNO,"CONJUNTO BONNANZA 1,2",9000,0,9000
SECTOR CEREO UNO,RINCON DEL LLANO,9000,0,9000
SECTOR CEREO UNO,TORRES DEL MEDITERRENO,9000,0,9000
SECTOR CEREO UNO,TERMINAL DE TRANSPORTE,10000,0,10000
SECTOR CEREO UNO,"QUINTA DE MORELIA 1,2,3",10000,0,10000
SECTOR CEREO UNO,CONDOMINIO VILLAVENTO,10000,0,10000
SECTOR CEREO UNO,CONDOMINIO CIUDAD REAL,10000,0,10000
SECTOR CEREO UNO,TORRES DE PRADERA,10000,0,10000
SECTOR CEREO UNO,CONDOMINIO VILLA VALERIA,10000,0,10000
SECTOR CEREO UNO,CONDOMINIO CANAGUAY,10000,0,10000
SECTOR GENERAL,JARDINES DE SANTORINE,10000,0,10000
SECTOR GENERAL,LLANO REAL CLUB HOUSE,10000,0,10000
SECTOR GENERAL,PALMAS DE VALLARTA,10000,0,10000
SECTOR GENERAL,CONJUNTO TERRABELA,10000,0,10000
SECTOR GENERAL,BOSQUES DE MORELIA,10000,0,10000
SECTOR GENERAL,"NUEVA ESPERANZA 1,2",10000,0,10000
SECTOR GENERAL,CONDOMINIO SIENDA MANOY,10000,0,10000
SECTOR GENERAL,QUINTAS DE SANTA CLARA,10000,0,10000
SECTOR GENERAL,BARRIO VILLA DEL ALCARABAN,10000,0,10000
SECTOR GENERAL,URBANIZACION CALATRABA,10000,0,10000
SECTOR GENERAL,TERRA VERDE,10000,0,10000
SECTOR GENERAL,ALAMEDA DEL BOSQUE,10000,0,10000
SECTOR GENERAL,REMANSOS DEL LLANO,10000,0,10000
SECTOR GENERAL,SAN GERARDO,10000,0,10000
SECTOR GENERAL,TERRA VELA,10000,0,10000
SECTOR GENERAL,AMARILO MORICHAL,14000,0,14000
SECTOR GENERAL,AMARILO CIMARON,14000,0,14000
SECTOR GENERAL,AMARILO ALBORADA,14000,0,14000
SECTOR GENERAL,AMARILO PIEDEMONTE,14000,0,14000
SECTOR GENERAL,AMARILO ARAUCO,14000,0,14000
SECTOR GENERAL,AMARILO ZAINOS,14000,0,14000
SECTOR GENERAL,"AMARILO PASOLLONO 1,2,3,4",14000,0,14000
SECTOR GENERAL,AMARILO ALCARABN,14000,0,14000
SECTOR GENERAL,AMARILO MAPIRE,14000,0,14000
SECTOR GENERAL,AMARILO OCARROS,14000,0,14000
SECTOR GENERAL,AMARILO ARBOLEDA CAMPESTRE,14000,0,14000
SECTOR GENERAL,AMARILO PRADO VERDE,14000,0,14000
SECTOR GENERAL,AMARILO ARBOLEDA CAMPESTRE IV 4,14000,0,14000
SECTOR GENERAL,"AMARILO LLANO ALTO 1,2,3,4",13000,0,13000
SECTOR GENERAL,VILLA HERMOSA,16000,0,16000
SECTOR GENERAL,CONDOMINIO CAMPSTRE CARACOLI,16000,0,16000
SECTOR GENERAL,GIMNASIO LOS ALCAZARES,17000,0,17000
SECTOR GENERAL,LAS MERCEDES,23000,0,23000
SECTOR GENERAL,"MULTIFAMILIARES CENTAUROS BLOQUE A,B,C,D",14000,0,14000
SECTOR GENERAL,PORTALES DE GRATAMIRA,14000,0,14000
SECTOR GENERAL,BALCONES DE GRATAMIRA,14000,0,14000
SECTOR GENERAL,"TORRES DE SALERMO 1,2",14000,0,14000
SECTOR GENERAL,CONDOMINIO SANTA ANA,14000,0,14000
SECTOR GENERAL,CONDOMINIO LA FONTANA,14000,0,14000
SECTOR GENERAL,CONDOMINIO SANTA PAULA,14000,0,14000
SECTOR GENERAL,PRADOS DE MARICURE,14000,0,14000
SECTOR GENERAL,UNIVERSIDAD UNIMINUTO,14000,0,14000
SECTOR GENERAL,CANCHA SINTETICA QUARZO,13000,0,13000
SECTOR GENERAL,RENAUULT CASATORO,13000,0,13000
SECTOR GENERAL,CHEVROLET,13000,0,13000
SECTOR GENERAL,NISSAN,13000,0,13000
SECTOR GENERAL,SUZUKI ALCALA MOTOR,12000,0,12000
SECTOR GENERAL,CANCHA MONACO,13000,0,13000
SECTOR GENERAL,BAR TERRAZA,12000,0,12000
SECTOR GENERAL,7 DE AGOSTO,9000,0,9000
SECTOR GENERAL,BARZAL BAJO,9000,0,9000
SECTOR GENERAL,BARZAL ALTO,10000,0,10000
SECTOR GENERAL,CLUB VILLAVICENCIO,10000,0,10000
SECTOR GENERAL,MESETAS,13000,0,13000
SECTOR GENERAL,ELECTRIFICADORA EMSA,11000,0,11000
SECTOR GENERAL,BALATA,10000,0,10000
SECTOR GENERAL,CAMOA,10000,0,10000
SECTOR GENERAL,SALLE,10000,0,10000
SECTOR GENERAL,POZO VEIENTE,13000,0,13000
SECTOR GENERAL,RECODO BARZAL,10000,0,10000
SECTOR GENERAL,AZOTEA,12000,0,12000
SECTOR GENERAL,HOSPITAL DEPARTAMENTAL,10000,0,10000
SECTOR GENERAL,HOSPITAL DE LA GENTE,10000,0,10000
SECTOR GENERAL,LIGA CONTRA EL CANCER,10000,0,10000
SECTOR GENERAL,SOMOS,10000,0,10000
SECTOR GENERAL,CLINICA PRIMAVERA,9000,0,9000
SECTOR GENERAL,CLINICA META,9000,0,9000
SECTOR GENERAL,NUEVA CLINICA BARZAL,9000,0,9000
SECTOR GENERAL,SERVIMEDICOS,9000,0,9000
SECTOR GENERAL,SANITAS,9000,0,9000
SECTOR GENERAL,CAJACOPI BARZAL,9000,0,9000
SECTOR GENERAL,CLINICA CARDIOVASCULAR,9000,0,9000
SECTOR GENERAL,SALUDA TOTAL,9000,0,9000
SECTOR GENERAL,CAPILLAS DE LA FE,9000,0,9000
SECTOR GENERAL,IPS MONTANO MEDICAL BUQUE,11000,0,11000
SECTOR GENERAL,IPS CUIDAR BUQUE,11000,0,11000
SECTOR GENERAL,IPS CENTRO MERDICO DE REHABULITACION,11000,0,11000
SECTOR GENERAL,IPS CENTRO TERAPEUTICO INTEGRAL,11000,0,11000
SECTOR GENERAL,LABORATORIO CLINICO,10000,0,10000
SECTOR GENERAL,UNIDAD AMBULATORIA DE ALTA COMPLEJI,9000,0,9000
SECTOR GENERAL,IPS MULTISALUD,9000,0,9000
SECTOR GENERAL,IPS PREVIS,9000,0,9000
SECTOR GENERAL,IPS REHABILITAR,9000,0,9000
SECTOR GENERAL,IPS SANTA BARBARA,10000,0,10000
SECTOR GENERAL,CLINICA OCULAR BUQUE,11000,0,11000
SECTOR GENERAL,EMPORIO,10000,0,10000
SECTOR GENERAL,TRIUNFO,11000,0,11000
SECTOR GENERAL,GALAN,12000,0,12000
SECTOR GENERAL,ALCACERES,12000,0,12000
SECTOR GENERAL,ESMERALDA,12000,0,12000
SECTOR GENERAL,GRAMA,12000,0,12000
SECTOR GENERAL,ESCUELA DE CARABINEROS,12000,0,12000
SECTOR GENERAL,DOCE DE OCTUBRE,12000,0,12000
SECTOR GENERAL,SANTA JOSEFA MILITAR,12000,0,12000
SECTOR GENERAL,SAN FELIPE,12000,0,12000
SECTOR GENERAL,PANORAMA,12000,0,12000
SECTOR GENERAL,VIRREY,13000,0,13000
SECTOR GENERAL,CAMPIÑA,13000,0,13000
SECTOR GENERAL,CHAPINERO BAJO,13000,0,13000
SECTOR GENERAL,CHAPINERO ALTO,13000,0,13000
SECTOR GENERAL,NUEVA GRANADA,13000,0,13000
SECTOR GENERAL,RONDINELA,13000,0,13000
SECTOR GENERAL,PRADERA,13000,0,13000
SECTOR GENERAL,ESCUELA DE CARABINEROS,12000,0,12000
SECTOR GENERAL,CONDOMINIO PUERTA DEL SOL,12000,0,12000
SECTOR GENERAL,"CONJUNTO RESIDENCIAL CAMBULOS 1,2,3",12000,0,12000
SECTOR GENERAL,"COJUNTO RESIDENCIAL SAN ANGEL 1,2",12000,0,12000
SECTOR GENERAL,CONJUNTO PRADROS DE SAN FRANCISCO,12000,0,12000
SECTOR GENERAL,"SAN ANGEL 1,2",12000,0,12000
SECTOR GENERAL,"LOS CAMBULOS 1,2,3",12000,0,12000
SECTOR GENERAL,PANORAMA DEL CAMPO,12000,0,12000
SECTOR GENERAL,LA ARENERA,13000,0,13000
SECTOR GENERAL,CAUDAL,11000,0,11000
SECTOR GENERAL,CONJUNTO TRIANGULO,11000,0,11000
SECTOR GENERAL,EDIFICIO MONTEBELLO,11000,0,11000
SECTOR GENERAL,"TORRES DEL CAUDAL 1,2",11000,0,11000
SECTOR GENERAL,TERRAZAS DEL LLANO,11000,0,11000
SECTOR GENERAL,TORRRES CLUB,11000,0,11000
SECTOR GENERAL,CLUB META,11000,0,11000
SECTOR GENERAL,EDIFICIO PLAZA,11000,0,11000
SECTOR GENERAL,ALAMEDA ORIENTAL CAUDAL,11000,0,11000
SECTOR GENERAL,EDIFICIO COSTA BELLA CAUDAL ALTO,11000,0,11000
SECTOR GENERAL,EDIDIFICIO AGORA,11000,0,11000
SECTOR GENERAL,CONJUNTO ARAGUANEY CAUDAL,11000,0,11000
SECTOR GENERAL,HOTEL DEL LLANO,11000,0,11000
SECTOR GENERAL,EDIFICIO BELLO HORISONTE CAUDAL,11000,0,11000
SECTOR GENERAL,CONJUNTO SARARE CAUDAL,11000,0,11000
SECTOR GENERAL,VALLES DE ARAGON,15000,0,15000
SECTOR GENERAL,GAVIOTAS,15000,0,15000
SECTOR GENERAL,FIKUS,15000,0,15000
SECTOR GENERAL,VILLAMELIA,15000,0,15000
SECTOR GENERAL,ACAPULCO,15000,0,15000
SECTOR GENERAL,KIRPAS,15000,0,15000
SECTOR GENERAL,VILLA SAMPER,15000,0,15000
SECTOR GENERAL,SABANA DE KIRPAS,15000,0,15000
SECTOR GENERAL,CAROLINA KIRPAS,15000,0,15000
SECTOR GENERAL,MIRADOR DEL LLANO 2,15000,0,15000
SECTOR GENERAL,CAVIVIR,15000,0,15000
SECTOR GENERAL,SOCIEGO KIRPAS,15000,0,15000
SECTOR GENERAL,MALOCAS,15000,0,15000
SECTOR GENERAL,METROPOLITANA KIRPAS,15000,0,15000
SECTOR GENERAL,VIVERO BIOAGRICOLA,15000,0,15000
SECTOR GENERAL,SANATONIO,15000,0,15000
SECTOR GENERAL,VILLA MARINA,17000,0,17000
SECTOR GENERAL,BRILLANTE,17000,0,17000
SECTOR GENERAL,"LA ROSITA ETAPA  1,2,3,",12000,0,12000
SECTOR GENERAL,DOÑA LUZ,12000,0,12000
SECTOR GENERAL,PANCANDE,12000,0,12000
SECTOR GENERAL,CHORILLANOS,12000,0,12000
SECTOR GENERAL,REMANSOS DE ROSABLANCA,12000,0,12000
SECTOR GENERAL,CONDOMINIO SAN SEBASTIAN,12000,0,12000
SECTOR GENERAL,"CONDOMINIO SANTA MARIA 1,2",12000,0,12000
SECTOR GENERAL,SEPTIMA BRIGADA DISTRITO MILITAR,12000,0,12000
SECTOR GENERAL,CONJUNTO BULEVAR  CODEM,12000,0,12000
SECTOR GENERAL,BOSQUE DE ROSABLANCA,12000,0,12000
SECTOR GENERAL,CONDOMINIO BOSQUES DE ARRAYANES,12000,0,12000
SECTOR GENERAL,RESERVAS DEL BOSQUE,12000,0,12000
SECTOR GENERAL,CONJUNTO VILLA EMAUS,12000,0,12000
SECTOR GENERAL,"CASIBARE 1,2",12000,0,12000
SECTOR GENERAL,CONJUNTO REMANSOS DEL BOSQUE,12000,0,12000
SECTOR GENERAL,VILLAS DEL MEDITERRANEO,12000,0,12000
SECTOR GENERAL,"SAN SILVESTRE 1,2,",13000,0,13000
SECTOR GENERAL,CANCHA MONACO,13000,0,13000
SECTOR GENERAL,AGUAS CLARAS,13000,0,13000
SECTOR GENERAL,"ESPERANZA ETAPA 6,7,8",10000,0,10000
SECTOR GENERAL,"ESPERANZA ETAPA 1,2,3,4,5",10000,0,10000
SECTOR GENERAL,BIBLIOTECA GERMAN ARCINIEGAS,10000,0,10000
SECTOR GENERAL,PUESTO DE SALUD ESPERANZA,10000,0,10000
SECTOR GENERAL,ROSABLANCA HORIENTAL,10000,0,10000
SECTOR GENERAL,LA VEGA,10000,0,10000
SECTOR GENERAL,VILLA BOLIVAR,10000,0,10000
SECTOR GENERAL,PARQUE VILLA BOLIVAR,10000,0,10000
SECTOR GENERAL,VILLA CLAUDIA,10000,0,10000
SECTOR GENERAL,URBANIZACION GUATIQUIA,9000,0,9000
SECTOR GENERAL,GARCIA BORQUES,9000,0,9000
SECTOR GENERAL,LA SIJIN,9000,0,9000
SECTOR GENERAL,COLEGIO GIMNASIO CAMPESTRE,10000,0,10000
SECTOR GENERAL,ACACIAS,10000,0,10000
SECTOR GENERAL,CONDOMINIO GALICIA,10000,0,10000
SECTOR GENERAL,CONJUNTO PLENAVIDA,10000,0,10000
SECTOR GENERAL,CONJUNTO 2001 ESPERANZA,10000,0,10000
SECTOR GENERAL,MULTIFAMILIARES LA ESPERENZA,10000,0,10000
SECTOR GENERAL,EDIFICIO NOGALES,10000,0,10000
SECTOR GENERAL,CORALINA,10000,0,10000
SECTOR GENERAL,ALBORADA,9000,0,9000
SECTOR GENERAL,SEMILLANOS,10000,0,10000
SECTOR GENERAL,CONUNEROS,10000,0,10000
SECTOR GENERAL,NUEVO RICAUTE,9000,0,9000
SECTOR GENERAL,EL JARDIN,9000,0,9000
SECTOR GENERAL,CENTAUROS,9000,0,9000
SECTOR GENERAL,PALMAR,10000,0,10000
SECTOR GENERAL,COOPERATIVO,10000,0,10000
SECTOR GENERAL,CARULU,10000,0,10000
SECTOR GENERAL,SESQUICENTENARIO,10000,0,10000
SECTOR GENERAL,SANTA MARTA,10000,0,10000
SECTOR GENERAL,SERRANIA,10000,0,10000
SECTOR GENERAL,CONJUNTO LA CABAÑA,9000,0,9000
SECTOR GENERAL,CONJUNTO PIAMONTE,10000,0,10000
SECTOR GENERAL,EDIFICIO SANTA MARIA RESERVADO,10000,0,10000
SECTOR GENERAL,CONJUNTO CERESOS,10000,0,10000
SECTOR GENERAL,CONDOMINIO LOS NOGALES,10000,0,10000
SECTOR GENERAL,PARQUES DE MONTEBELLO,10000,0,10000
SECTOR GENERAL,"HACIENDA TRAPICHE 1,2",11000,0,11000
SECTOR GENERAL,TRAPICHE,11000,0,11000
SECTOR GENERAL,ALTOS DEL TRAPICHE,11000,0,11000
SECTOR GENERAL,GUADUALES,11000,0,11000
SECTOR GENERAL,ALTOS VILLA CODEM,11000,0,11000
SECTOR GENERAL,CENTRO COMERCIAL PRIMAVERA,12000,0,12000
SECTOR GENERAL,CONDOMINIO MOTEARROYO,12000,0,12000
SECTOR GENERAL,CUJUNTO LAS MARGARITAS,11000,0,11000
SECTOR GENERAL,MARGARITA REAL,11000,0,11000
SECTOR GENERAL,CLINICA OCULAR,11000,0,11000
SECTOR GENERAL,BUQUE ALTO,11000,0,11000
SECTOR GENERAL,BUQUE,11000,0,11000
SECTOR GENERAL,COLEGIO DON BOSCO,12000,0,12000
SECTOR GENERAL,CONJUNTO ALTA GRACIA,13000,0,13000
SECTOR GENERAL,COJUNTO BUGANVILES,11000,0,11000
SECTOR GENERAL,CONDOMINIO LA RESERVA,12000,0,12000
SECTOR GENERAL,CONJUNTO UMABARY,12000,0,12000
SECTOR GENERAL,CONJUNTO LA SERRANIA,12000,0,12000
SECTOR GENERAL,CONDOMINIO MADEIRA,12000,0,12000
SECTOR GENERAL,TORRRES DE SANJUAN,11000,0,11000
SECTOR GENERAL,SECRETARIA DE LA MUJER,12000,0,12000
SECTOR GENERAL,PADAMIA CUARENTA,12000,0,12000
SECTOR GENERAL,CONJUNTO RICON DEL BUQUE,11000,0,11000
SECTOR GENERAL,QUINTAS DE SAN SOUCCI,12000,0,12000
SECTOR GENERAL,BALCONES DE TOLEDO,13000,0,13000
SECTOR GENERAL,PORTAL DE LOS OCOBOS,12000,0,12000
SECTOR GENERAL,URBANIZACION SANTA CATALINA,10000,0,10000
SECTOR GENERAL,VILLAS DE CATAMA,10000,0,10000
SECTOR GENERAL,PRADOS DE SEVERIA,10000,0,10000
SECTOR GENERAL,MARCO ANTONIO PINILLA,12000,0,12000
SECTOR GENERAL,PINILLA,11000,0,11000
SECTOR GENERAL,RODEO,13000,0,13000
SECTOR GENERAL,EL MILAGRO,11000,0,11000
SECTOR GENERAL,PRADOS DE SIVERIA,11000,0,11000
SECTOR GENERAL,ANTONIO VILLAVICENCIO,12000,0,12000
SECTOR GENERAL,COVISAN,11000,0,11000
SECTOR GENERAL,VILLAS DE CATAMA,11000,0,11000
SECTOR GENERAL,URBANIZACION COVISAN,11000,0,11000
SECTOR GENERAL,LOS GEMELOS,14000,0,14000
SECTOR GENERAL,CIUDAD SALITRE,12000,0,12000
SECTOR GENERAL,SAN CARLOS,13000,0,13000
SECTOR GENERAL,MARCOS BAJO PINILLA,12000,0,12000
SECTOR GENERAL,MORILLCHAL,12000,0,12000
SECTOR GENERAL,DELIRIO,11000,0,11000
SECTOR GENERAL,CONDOMINIO BARLOVENTO,10000,0,10000
SECTOR GENERAL,"CONDOMINIO BOSQUES DE ABAJAM 1,2,3",10000,0,10000
SECTOR GENERAL,"OKAVANGOS 1,2",14000,0,14000
SECTOR GENERAL,"NUEVA COLONBIA 1,2",15000,0,15000
SECTOR GENERAL,PARQUE HABITACIONAL LA ESMERALDA,16000,0,16000
SECTOR GENERAL,ALTOS DE OKAVANGO,14000,0,14000
SECTOR GENERAL,BALNEARIO EL RANCHO,18000,0,18000
SECTOR GENERAL,QUINTAS DE LLANO,18000,0,18000
SECTOR GENERAL,HOTEL EL CAMAPANARIO,12000,0,12000
SECTOR GENERAL,"AMARILO LLANO ALTO 1,2,3,4",13000,0,13000
SECTOR GENERAL,SAN JORGE,16000,0,16000
SECTOR GENERAL,EL RUBI,16000,0,16000
SECTOR GENERAL,SANTA LIBRADA,16000,0,16000
SECTOR GENERAL,GUATAPE,16000,0,16000
SECTOR GENERAL,CATUMARE,16000,0,16000
SECTOR GENERAL,SEMILLAS DE LA PAZ,16000,0,16000
SECTOR GENERAL,NUEVO JERUSALEN,16000,0,16000
SECTOR GENERAL,ALAMOS SANTA ROSA,16000,0,16000
SECTOR GENERAL,VILLA ORIENTE,16000,0,16000
SECTOR GENERAL,TEUSAQUILLO,17000,0,17000
SECTOR GENERAL,MONTECARLOS ALTO,16000,0,16000
SECTOR GENERAL,MOTECARLOS BAJO,16000,0,16000
SECTOR GENERAL,VILLA DEL SOL,16000,0,16000
SECTOR GENERAL,VILLA DEL RIO,16000,0,16000
SECTOR GENERAL,ROCHELA,16000,0,16000
SECTOR GENERAL,NUEVO HORISONTE,16000,0,16000
SECTOR GENERAL,PLAYA RICA,16000,0,16000
SECTOR GENERAL,LOMA LINDA,16000,0,16000
SECTOR GENERAL,VILLA LORENA,16000,0,16000
SECTOR GENERAL,CAPACHOS,15000,0,15000
SECTOR GENERAL,MARANATHA,16000,0,16000
SECTOR GENERAL,CONDOMINIO QUINTAS DE SANGORJE,16000,0,16000
SECTOR GENERAL,"RINCON DE LAS MARGARITAS 1,2,",16000,0,16000
SECTOR GENERAL,COJUNTO MONTECARLOS RESERVADO,16000,0,16000
SECTOR GENERAL,"CIUDAD DEL CAMPO 1,2,3,",16000,0,16000
SECTOR GENERAL,ACADEMIA MILITAR JOSE ANTONIO PAEZ,16000,0,16000
SECTOR GENERAL,CODOMINIO ALAMA,16000,0,16000
SECTOR GENERAL,CONDOMINIO SANTILLANAS DEL LLANO,16000,0,16000
SECTOR GENERAL,CONDOMINIO EL RINCON DE LAS LOMAS,17000,0,17000
SECTOR GENERAL,"SERRAMONTE 1,2,3,4,5,6,7",13000,0,13000
SECTOR GENERAL,LLANO LINDO,12000,0,12000
SECTOR GENERAL,LOS HEROES,13000,0,13000
SECTOR GENERAL,LAS AMERICAS,13000,0,13000
SECTOR GENERAL,LEON TRECE,13000,0,13000
SECTOR GENERAL,EL REFUGIO,12000,0,12000
SECTOR GENERAL,PARQUE FUNDADORES,11000,0,11000
SECTOR GENERAL,LA HACIENDA CENTRO COMERCIAL,12000,0,12000
SECTOR GENERAL,COLINA CAMPESTRE,13000,0,13000
SECTOR GENERAL,PISCINA LAS AMERICAS,14000,0,14000
SECTOR GENERAL,PISCINA JAMAICA,14000,0,14000
SECTOR GENERAL,SELVATICO,16000,0,16000
SECTOR GENERAL,VILLA SUAREZ,0,0,0
SECTOR GENERAL,SAN JOSE,0,0,0
SECTOR GENERAL,SAN MARCOS,8000,0,8000
SECTOR GENERAL,INDUSTRIAL,8000,0,8000
SECTOR GENERAL,GUATIQUIA,0,0,0
SECTOR GENERAL,EL DIKE,0,0,0
SECTOR GENERAL,VILLA FABIOLA,8000,0,8000
SECTOR GENERAL,TOPACIO,9000,0,9000
SECTOR GENERAL,LOS VENCEDORES,9000,0,9000
SECTOR GENERAL,PORTALES DEL LLANO,15000,0,15000
SECTOR GENERAL,"NUEVA COLOMBIA 1,2",15000,0,15000
SECTOR GENERAL,SANTANDER,0,0,0
SECTOR GENERAL,MALVINAS,0,0,0
SECTOR GENERAL,CALAMAR,0,0,0
SECTOR GENERAL,SANTA FE,0,0,0
SECTOR GENERAL,SAN CARLOS,13000,0,13000
SECTOR GENERAL,RODEO,13000,0,13000
SECTOR GENERAL,SAN FERNANDO,12000,0,12000
SECTOR GENERAL,GAITAN BAJO,0,0,0
SECTOR GENERAL,BRISAS DEL GUATIQUIA,0,0,0
SECTOR GENERAL,SIMON BOLIVAR,9000,0,9000
SECTOR GENERAL,CAVIVIR,16000,0,16000
SECTOR GENERAL,RELIQUIA,16000,0,16000
SECTOR GENERAL,BETY CAMACHO,18000,0,18000
SECTOR GENERAL,FRIOGAN,16000,0,16000
SECTOR GENERAL,TRECE DE MAYO,17000,0,17000
SECTOR GENERAL,CANCHAS LA GAMBETA,16000,0,16000
SECTOR GENERAL,SALON DE EVENTOS JC,16000,0,16000
SECTOR GENERAL,BALNEARIO EL ESCONDITE,16000,0,16000
SECTOR GENERAL,HACIENDA LA MILAGROSA,17000,0,17000
SECTOR GENERAL,PARQUE KARMANU,17000,0,17000
SECTOR GENERAL,RANCHO J&C,18000,0,18000
SECTOR GENERAL,HOTEL LLANO DORADO,17000,0,17000
SECTOR GENERAL,CONDOMINIO BRIS DE JAZMIN,20000,0,20000
SECTOR GENERAL,DONDOMINIO CEDRITOS CAMPESTRE,20000,0,20000
SECTOR GENERAL,CONDOMINIO CAMPESTRE GUALANDAY,20000,0,20000
SECTOR GENERAL,CONJUNTO SAN CAMILO,20000,0,20000
SECTOR GENERAL,CIUDAD PORFIA,20000,0,20000
SECTOR GENERAL,LOS PINOS PORFIA,22000,0,22000
SECTOR GENERAL,VILLA JULIANA,22000,0,22000
SECTOR GENERAL,BRASILIA,20000,0,20000
SECTOR GENERAL,CHARRASCAL,20000,0,20000
SECTOR GENERAL,CIUDAD MILENIO,20000,0,20000
SECTOR GENERAL,VILLAS DE SAN AGUSTIN,20000,0,20000
SECTOR GENERAL,LAMADRID,23000,0,23000
SECTOR GENERAL,CANCHAS PRIMER TIEMPO,18000,0,18000
SECTOR GENERAL,LA NORA,23000,0,23000
SECTOR GENERAL,CONDOMINIO CAMPESTRE PIEDEMONTE,20000,0,20000
SECTOR GENERAL,GRAMALOTE,20000,0,20000
SECTOR GENERAL,SAMAN DE LA RIVERA,18000,0,18000
SECTOR GENERAL,LA CUNCIA,25000,0,25000
SECTOR GENERAL,JUAN PABLO,16000,0,16000
SECTOR GENERAL,CONDOMINIO BOSQUE DE PROVIDENCIA,16000,0,16000
SECTOR GENERAL,MOTEL MEDIA LUNA,16000,0,16000
SECTOR GENERAL,PARCELAS DE SAN CARLOS,20000,0,20000
SECTOR GENERAL,QUINTAS DE SANTA ANA VEREDA,20000,0,20000
SECTOR GENERAL,BALMORAL,18000,0,18000
SECTOR GENERAL,CONDOMINIO MONTEMADERO,18000,0,18000
SECTOR GENERAL,VEREDA CECILIA,18000,0,18000
SECTOR GENERAL,UNIVERSIDAD ANTONIO NARIÑO,18000,0,18000
SECTOR GENERAL,CAMINOS DEL MEDITERRANEO,18000,0,18000
SECTOR GENERAL,BARU,20000,0,20000
SECTOR GENERAL,BARQUITOS,18000,0,18000
SECTOR GENERAL,VEREDA APIAY,25000,0,25000
SECTOR GENERAL,LA FUERZA AERIA,23000,0,23000
SECTOR GENERAL,CUARTA DEVISION DEL EJERCITO,23000,0,23000
SECTOR GENERAL,VEREDA LLANERITA,30000,0,30000
SECTOR GENERAL,VILLA SUIZA,25000,0,25000
SECTOR GENERAL,VEREDA BARCELONA,22000,0,22000
SECTOR GENERAL,UNIVERSIDAD LOS LLANOS BARCELONA,22000,0,22000
SECTOR GENERAL,HACHON SENA,25000,0,25000
SECTOR GENERAL,AEROPUERTO,15000,0,15000
SECTOR GENERAL,POSO AZUL,20000,0,20000
SECTOR GENERAL,VEREDA VANGUARDIA,16000,0,16000
SECTOR GENERAL,ALDEA LA AURORA,16000,0,16000
SECTOR GENERAL,VIA ANTIGUA RESTREPO,16000,0,16000
SECTOR GENERAL,LA BENDITA,17000,0,17000
SECTOR GENERAL,AVEMARIA,17000,0,17000
SECTOR GENERAL,CANCHAS SOCCER,18000,0,18000
SECTOR GENERAL,CONDOMINIO SANRA BARBARA,18000,0,18000
SECTOR GENERAL,HOGAR GERRIATRICO DIVINO NIÑO JESUS,18000,0,18000
SECTOR GENERAL,LA CHORRERA,18000,0,18000
SECTOR GENERAL,CONDOMINIO SANTA BARBARA,20000,0,20000
SECTOR GENERAL,HOTEL HERRADURO,20000,0,20000
SECTOR GENERAL,MOTEL HOLLYWOO,20000,0,20000
SECTOR GENERAL,HOTEL VANGUARDIA,16000,0,16000
SECTOR GENERAL,CONDOMINIO SALAMANCA,16000,0,16000
SECTOR GENERAL,PARQUE OCARROS,18000,0,18000
SECTOR GENERAL,CEMENTERIO JARDINES DEL LLANO,18000,0,18000
SECTOR GENERAL,CONDOMINIO FLOR MURADO,20000,0,20000
SECTOR GENERAL,CONDOMINIO LOS ALPES,20000,0,20000
SECTOR GENERAL,VEREDA LA POYATA,25000,0,25000
SECTOR GENERAL,PEAJE PUENTE AMARILLO,20000,0,20000
SECTOR GENERAL,CONDOMINIO CAMPESTRE PALMA REAL,22000,0,22000
SECTOR GENERAL,VEREDA ARGENTINA,25000,0,25000
SECTOR GENERAL,RESTREPO,30000,0,30000
SECTOR GENERAL,RESERVA SAN NICOLAS VEREDA CAIRO,20000,0,20000
SECTOR GENERAL,VILLAS DEL SANTUARIO CAIRO,20000,0,20000
SECTOR GENERAL,CONDOMINIO CAMPRESTE ENTRE LAGOS,20000,0,20000
SECTOR GENERAL,CONDOMINIO SAN BASILIO CAIRO,22000,0,22000
SECTOR GENERAL,CONJUNTO LA CASTELLANA CAIRO,22000,0,22000
SECTOR GENERAL,GIMNACIO LOS OCOBOS CAIRO,22000,0,22000
SECTOR GENERAL,CONDOMIO TIERRA DEL SOL CAIRO,22000,0,22000
SECTOR GENERAL,CONDOMINIO LA QUINTA CAIRO,22000,0,22000
SECTOR GENERAL,CONJUNTO SAN ANGEL CAIRO,23000,0,23000
SECTOR GENERAL,ONDOMINIO CALLENA CAIRO,23000,0,23000
SECTOR GENERAL,RESERVAS DEL CAIRO,23000,0,23000
SECTOR GENERAL,VILLAS DEL CAIRO,23000,0,23000
SECTOR GENERAL,CONDOMINIO LA PRIMAVERA CAIRO,25000,0,25000
SECTOR GENERAL,CENTRO COMERCIAL UNICO,10000,0,10000
SECTOR GENERAL,CENTRO COMERCIAL LLANOCENTRO,11000,0,11000
SECTOR GENERAL,CENTRO COMERCIAL VILLACENTRO,11000,0,11000
SECTOR GENERAL,CENTRO COMERCIAL UNICENTRO,10000,0,10000
SECTOR GENERAL,CONTRO COMERCIAL VIVA,11000,0,11000
SECTOR GENERAL,CENTRO COMERCIAL PRIMAVERA URBANA,12000,0,12000
SECTOR GENERAL,CENTRO COMERCIAL LA HACIENDA,12000,0,12000
SECTOR GENERAL,CENTRO COMERCIAL MARANDUA,10000,0,10000
SECTOR GENERAL,CENTRO COMERCILA VILLA JULIA,10000,0,10000
SECTOR GENERAL,PARQUE CENTRAL,10000,0,10000
SECTOR GENERAL,CELLE DE FLORESTERIAS,10000,0,10000
SECTOR GENERAL,PAQUE DE LOS ESTIDIANTE,10000,0,10000
SECTOR GENERAL,PARQUE DE BANDERAS,10000,0,10000
SECTOR GENERAL,SANI SIDRO,10000,0,10000
SECTOR GENERAL,VILLA JULIA,10000,0,10000
SECTOR GENERAL,ÉXITO CENTRO,10000,0,10000
SECTOR GENERAL,MARANDUO CENTRO,10000,0,10000
SECTOR GENERAL,PARQUE DE LA CRUZ,10000,0,10000
SECTOR GENERAL,PLAZA LIBERTADORES,10000,0,10000
SECTOR GENERAL,PARQUE INFANTIAL,10000,0,10000
SECTOR GENERAL,CRUZ ROJA,10000,0,10000
SECTOR GENERAL,HOTEL BAHIA,8000,0,8000
SECTOR GENERAL,HOTEL JUANCHO,8000,0,8000
SECTOR GENERAL,HOTEL ORIENTE PLAZA,8000,0,8000
SECTOR GENERAL,HOTEL VILLA JOHANA,8000,0,8000
SECTOR GENERAL,HOTEL MORICHAL PLAZA,8000,0,8000
SECTOR GENERAL,HOTEL LLANO LINDO,8000,0,8000
SECTOR GENERAL,HOTEL ARIARI AZUL,8000,0,8000
SECTOR GENERAL,HOTEL RUBIALES,8000,0,8000
SECTOR GENERAL,HOTEL EL TERMINAL,8000,0,8000
SECTOR GENERAL,HOTEL CAMELIAS,8000,0,8000
SECTOR GENERAL,HOTEL ALCARAVAN REAL,8000,0,8000
SECTOR GENERAL,HOTEL REY DAVID,8000,0,8000
SECTOR GENERAL,HOTEL HACARITAMA COLONIAL,8000,0,8000
SECTOR GENERAL,HOTEL HEIDI,8000,0,8000
SECTOR GENERAL,HOTEL CAQUECEÑO,8000,0,8000
SECTOR GENERAL,HOTEL MAMÁ,8000,0,8000
SECTOR GENERAL,HOTEL ESTAMPA LLANERA,8000,0,8000
SECTOR GENERAL,HOTEL SHA,8000,0,8000
SECTOR GENERAL,HOTEL OLAM,8000,0,8000
SECTOR GENERAL,HOTEL CAYENA,9000,0,9000
SECTOR GENERAL,HOTEL CARIMAGUA,10000,0,10000
SECTOR GENERAL,HOTEL NAPOLITANO,10000,0,10000
SECTOR GENERAL,HOTEL SOL DEL LLANO,10000,0,10000
SECTOR GENERAL,HOTEL GRAN RESERVA,10000,0,10000
SECTOR GENERAL,HOTEL VVC,10000,0,10000
SECTOR GENERAL,HOTEL CENTAUROS,10000,0,10000
SECTOR GENERAL,HOTEL SERRANIA REAL,10000,0,10000
SECTOR GENERAL,HOTEL INAMBU,10000,0,10000
SECTOR GENERAL,HOTEL SOL DORADO,10000,0,10000
SECTOR GENERAL,HOTEL PALMA REAL,10000,0,10000
SECTOR GENERAL,HOTEL CAPRI,10000,0,10000
SECTOR GENERAL,HOTEL SANTA ISABEK,10000,0,10000
SECTOR GENERAL,HOTEL LA GARZA ROJO,10000,0,10000
SECTOR GENERAL,HOTEL COLINAS DEL LLANO,10000,0,10000
SECTOR GENERAL,HOTEL VILLA JULIANA,9000,0,9000
SECTOR GENERAL,HOTEL TRAVEL BLUE,10000,0,10000
SECTOR GENERAL,HOTEL CIELOS ABIERTOS,10000,0,10000
SECTOR GENERAL,HOTEL MARIA DANNY,10000,0,10000
SECTOR GENERAL,HOTEL PLAZA GAVAN,10000,0,10000
SECTOR GENERAL,HOTEL DEL LLANO,11000,0,11000
SECTOR GENERAL,HOTEL CENTAUROS,10000,0,10000
SECTOR GENERAL,HOTEL ARBOLEDAS PLAZA,12000,0,12000
SECTOR GENERAL,HOTEL OBELISCO LLANERO,12000,0,12000
SECTOR GENERAL,HOTEL SANTI,12000,0,12000
SECTOR GENERAL,HOTEL VIMAR,12000,0,12000
SECTOR GENERAL,HOTEL SOLEV,12000,0,12000
SECTOR GENERAL,HOTEL LIDER DEL LLANO,12000,0,12000
SECTOR GENERAL,HOTEL ALAMEDA,12000,0,12000
SECTOR GENERAL,HOTEL SAN IGNACIO,12000,0,12000
SECTOR GENERAL,HOTEL MI LLANO,12000,0,12000
SECTOR GENERAL,HOTEL POTRILLOS,12000,0,12000
SECTOR GENERAL,HOTEL GHL,10000,0,10000
SECTOR GENERAL,HOTEL DON LOLO,10000,0,10000
SECTOR GENERAL,HOTEL ROYAL PLAZA,10000,0,10000
SECTOR GENERAL,HOTEL CASA CAMAO,10000,0,10000
SECTOR GENERAL,HOTEK MARIA GLORIA,10000,0,10000
SECTOR GENERAL,HOTEL EL DORADO,10000,0,10000
SECTOR GENERAL,HOTEL VHERATTI,9000,0,9000
SECTOR GENERAL,HOTEL CAIMITO,9000,0,9000
SECTOR GENERAL,HOTEL IGUAZU,9000,0,9000
SECTOR GENERAL,HOTEL UNICENTRO,9000,0,9000
SECTOR GENERAL,MOTEL PASHA,10000,0,10000
SECTOR GENERAL,MOTEL MEDIA LUNA,16000,0,16000
SECTOR GENERAL,MOTEL TU Y YO,9000,0,9000
SECTOR GENERAL,MOTEL CASABLANCA,9000,0,9000
SECTOR GENERAL,MOTEL CUPIDO,9000,0,9000
SECTOR GENERAL,MOTEL OCOA,12000,0,12000
SECTOR GENERAL,MOTEL TANTRA,9000,0,9000
SECTOR GENERAL,MOTEL ZEUS,9000,0,9000
SECTOR GENERAL,UNIVERSIDAD DE LOS LLANOS BARCELONA,22000,0,22000
SECTOR GENERAL,UNIVERSIDAD DE LOS LLANOS BARZAL ALTO,10000,0,10000
SECTOR GENERAL,UNIVERSIDAD DE LOS LLANOS EMPORIO,10000,0,10000
SECTOR GENERAL,UNIVERSIDAD UNIMETA,9000,0,9000
SECTOR GENERAL,UNIVERSIDAD COOPERTIVA,13000,0,13000
SECTOR GENERAL,UNIVERSIDAD COOPERTIVA BARSAL BAJO,9000,0,9000
SECTOR GENERAL,UNIVERSIDAD SANTO TOMAS,10000,0,10000
SECTOR GENERAL,UNIVERSIDAD UNIMINUTO,14000,0,14000
SECTOR GENERAL,UNIVERSIDAD ANTONIO NARIÑO CECILIA,18000,0,18000
SECTOR GENERAL,COLEGIO LA SALLE,10000,0,10000
SECTOR GENERAL,COLEGIO SAGRADO CORAZON,10000,0,10000
SECTOR GENERAL,COLEGIO BILINGUAL ESPIRITU SANTO,10000,0,10000
SECTOR GENERAL,OXFORD BILINGUAL SCHOOL,25000,0,25000
SECTOR GENERAL,COLEGIO LICEO MAYOR,15000,0,15000
SECTOR GENERAL,COLEGIO COFREM,8000,0,8000
SECTOR GENERAL,COLEGIO NEIL ARMSTRONG BUQUE,11000,0,11000
SECTOR GENERAL,GIMNASIO CAMPESTRE EL BOSQUE BUQUE,10000,0,10000
SECTOR GENERAL,INSTITUCION EDUCATIVA LICEO CREADORES,10000,0,10000
SECTOR GENERAL,COLEGIO GUILLERMO ESTERO,10000,0,10000
SECTOR GENERAL,GIMNASIO INFANTIL LA TATA GRAMA,12000,0,12000
SECTOR GENERAL,COLEGIO SAN GABRIEL PANORAMA,12000,0,12000
SECTOR GENERAL,COLEGIO ANTONIO NARIÑO PANORAMA,12000,0,12000
SECTOR GENERAL,COLEGIO DEPARTAMENTAL LA ESPERANZA,10000,0,10000
SECTOR GENERAL,COLEGIO JUAN PABLO II,13000,0,13000
SECTOR GENERAL,INSTITUCION ANTONIO RICAUTE CASD,9000,0,9000
SECTOR GENERAL,INSTITUTO TECNICO INDUSTRIAL,10000,0,10000
SECTOR GENERAL,COLEGIO MATUS,9000,0,9000
SECTOR GENERAL,COLEGIO EDUARDO CARRANZA POPULAR,9000,0,9000
SECTOR GENERAL,COLEGIO EDUARDO CARRANZA CEIBA,8000,0,8000
SECTOR GENERAL,COLEGIO MANUELA BELTRAN,9000,0,9000
SECTOR GENERAL,COLEGIO PEQUEÑOS GIGANTES,8000,0,8000
SECTOR GENERAL,COLEGIO NUESTRA SEÑORA DEL CARMEN,8000,0,8000
SECTOR GENERAL,INSTITUCION EDUCATIVA INEM,9000,0,9000
SECTOR GENERAL,COLEGIO CLARENTINO,8000,0,8000
SECTOR GENERAL,COLEGIO GUATIQUIA,10000,0,10000
SECTOR GENERAL,COLEGIO TRAVESURAS,11000,0,11000
SECTOR GENERAL,COLEGIO DON BOSCO,11000,0,11000
SECTOR GENERAL,COLEGIO FRANCISCO JOSE DE CALDAS,10000,0,10000
SECTOR GENERAL,COLEGIO JOHN F KENNDY,10000,0,10000
SECTOR GENERAL,COLEGIO  ABRAHAM LINCOLN RETIRO,9000,0,9000
SECTOR GENERAL,COLEGIO  ABRAHAM LINCOLN VAINILLA,8000,0,8000
SECTOR GENERAL,COLEGIO FEMENINO,9000,0,9000
SECTOR GENERAL,COLEGIO INDUSTRIAL,9000,0,9000
SECTOR GENERAL,COLEGIO ADVENTISTA,11000,0,11000
SECTOR GENERAL,COLEGIO PENIEL,9000,0,9000
SECTOR GENERAL,COLEGIO CERVANTES SAAVEDRA,11000,0,11000
SECTOR GENERAL,COLEGIO SAN FRANCISCO DE ASIS,11000,0,11000
SECTOR GENERAL,COLEGIO SIES DE ABRIL,8000,0,8000
SECTOR GENERAL,PAQUE FUNDADORES,12000,0,12000
SECTOR GENERAL,PARQUE MI LLANURA,8000,0,8000
SECTOR GENERAL,PARQUE DE LA MEMORIA,8000,0,8000
SECTOR GENERAL,PARQUE DE LA VIDA COFREM,7000,0,7000
SECTOR GENERAL,PARQUE DEL HACHA,9000,0,9000
SECTOR GENERAL,PARQUE DE LAS BANDERAS,9000,0,9000
SECTOR GENERAL,PARQUE DE LOS ESTUDIANTES,9000,0,9000
SECTOR GENERAL,PARQUE INFANTIL,10000,0,10000
SECTOR GENERAL,PARQUE DE LA CRUZ,10000,0,10000
SECTOR GENERAL,PARQUE DEL AGUA,7000,0,7000
SECTOR GENERAL,PARQUE GUAYURIBA,12000,0,12000
SECTOR GENERAL,PARUQE DEL SIKUANI,8000,0,8000
SECTOR GENERAL,PARQUES DE LOS ARTESANOS,10000,0,10000
SECTOR GENERAL,GOBERNACION DEL META,10000,0,10000
SECTOR GENERAL,ALCALDIA DE VILLAVICEMCIO,10000,0,10000
SECTOR GENERAL,CONCEJO MUNICIPAL,10000,0,10000
SECTOR GENERAL,DIAN,10000,0,10000
SECTOR GENERAL,COMARA DE COMERCIO,9000,0,9000
SECTOR GENERAL,REGISTRADURIA,9000,0,9000
SECTOR GENERAL,PERSONERIA,8000,0,8000
SECTOR GENERAL,SECRETARIA DE LA MUJER,12000,0,12000
SECTOR GENERAL,CONTRALORIA,10000,0,10000
SECTOR GENERAL,INSTITUTO DE TURISMO,9000,0,9000
SECTOR GENERAL,INSTITUTO DE DEPORTES Y RECREACION,9000,0,9000
SECTOR GENERAL,MIRADOR PIEDRA DEL AMOR,23000,0,23000
SECTOR GENERAL,MIRADOR LAS GUACHARACAS,23000,0,23000
SECTOR GENERAL,MIRADOR ALBOR,20000,0,20000
SECTOR GENERAL,MIRADOR DON YO,20000,0,20000
SECTOR GENERAL,MIRADOR HUMADEA,20000,0,20000
SECTOR GENERAL,MIRADOR LAS ARPAS,20000,0,20000
SECTOR GENERAL,PARQUE LAS MALOCAS,15000,0,15000
SECTOR GENERAL,CRISTO REY,13000,0,13000
SECTOR GENERAL,PALCIO DE LOS JUGOS,10000,0,10000
SECTOR GENERAL,FOOD TRUCK PARK,10000,0,10000
SECTOR GENERAL,SIPOTE MALTIADA,9000,0,9000
SECTOR GENERAL,RESTAUTE LALA,17000,0,17000
SECTOR GENERAL,SELVATICO,18000,0,18000
SECTOR GENERAL,LA POSADA DEL ARRIERO,10000,0,10000
SECTOR GENERAL,LIMONCELLO PIZZERIA,11000,0,11000
SECTOR GENERAL,FRUTOS DEL MAR,10000,0,10000
SECTOR GENERAL,LA COFRADIA,10000,0,10000
SECTOR GENERAL,KOI SUCHI,9000,0,9000
SECTOR GENERAL,DONDE RIAÑOS,18000,0,18000
SECTOR GENERAL,LA BUCARAMANIA,10000,0,10000
SECTOR GENERAL,ASADERO LA TOPOCHERA,13000,0,13000
SECTOR GENERAL,EL AMARRDERO DEL MICO,15000,0,15000
SECTOR GENERAL,GUANAJUATO,9000,0,9000
SECTOR GENERAL,PENJAUS PAISA PRIMAVERA URBANA,11000,0,11000
SECTOR GENERAL,PENJAUS PAISA PARQUE INFANTIL,10000,0,10000
SECTOR GENERAL,EL CABRESTERO,15000,0,15000
SECTOR GENERAL,RESTAURENRE A1,10000,0,10000
SECTOR GENERAL,RESTAURENRE LOVE,10000,0,10000
SECTOR GENERAL,MONCHE COCINA PERUANA,10000,0,10000
SECTOR GENERAL,TERRAZAS VVC BISTRO,10000,0,10000
SECTOR GENERAL,BANCOLOMBIA CENTRO,10000,0,10000
SECTOR GENERAL,BANCO BOGOTA CENTRO,10000,0,10000
SECTOR GENERAL,CONCO AV VILLAS CENTRO,10000,0,10000
SECTOR GENERAL,BANCO DE OCCIDENTE CENTRO,10000,0,10000
SECTOR GENERAL,BANCO DE VIVIENDA CENTRO,10000,0,10000
SECTOR GENERAL,BANCO AGRARIO CENTRO,10000,0,10000
SECTOR GENERAL,BANCO BBVA CENTRO,10000,0,10000
SECTOR GENERAL,BANCO POPULAR CENTRO,10000,0,10000
SECTOR GENERAL,BANCO CAJA SOCIAL CENTRO,10000,0,10000
SECTOR GENERAL,BANCO COLPATRIA CENTRO,10000,0,10000
SECTOR GENERAL,BANCO FALABELLA,10000,0,10000
SECTOR GENERAL,BANCO PINCHINCHA,10000,0,10000
SECTOR GENERAL,BANCOOMEVA,10000,0,10000
SECTOR GENERAL,BANCO MUNDO MUJER,10000,0,10000
